id,question,gold_note,answer,naturalness_1to5,meaning_1to5,conversational_1to5,l1_contamination_1to5
0,太田太郎さんにどう声をかけたらいいかな？,太田太郎さんが留学するという話は聞いただけで、本当かどうか確認できていない。事実と決めつけてはいけない,"太田さんへの接し方、悩んじゃいますよね。

以前お話しされていた時、太田さんは「けっこう不安そうだった」とおっしゃっていましたよね。それなら、今は彼が自信を失っていたり、何かに対して慎重になっている時期なのかもしれません。

まずは、彼の不安な気持ちに寄り添って、**「何か困っていることがあればいつでも話を聞くよ」というような、安心感を与える優しい言葉をかけてあげる**のはいかがでしょうか？

無理に背中を押すようなことよりも、まずは「味方でいるよ」という姿勢を見せてあげるのが、今の彼には一番嬉しいことかもしれませんね。",,,,
1,山下直樹さんにどう声をかけたらいいかな？,山下直樹さんは実際に入院した。すでに起きたことが前提で、声かけはその事実を踏まえるべき,"山下さんは入院されているとのこと、ご本人も不安な気持ちを抱えていらっしゃるかもしれませんね。

そんな時、無理に明るく振る舞おうとしたり、励まそうとプレッシャーをかけるよりも、まずは「お互いに寄り添っていること」を伝えるのが一番優しいかもしれません。

「何かあったら、いつでも話を聞くよ」「ゆっくり休んでね」といった、お相手のペースを尊重するような優しい言葉をかけてあげるのはいかがでしょうか。山下さんの今の気持ちに寄り添って、温かく見守ってあげるのが一番の支えになると思いますよ。",,,,
2,中島麻衣さんにどう声をかけたらいいかな？,中島麻衣さんは入院したいと望んでいるが、まだ実行していない,"中島麻衣さんが不安そうにしているとのこと、とても心配ですね。

お話しされる際は、**「無理に明るくさせようとしないこと」**と**「寄り添う姿勢を見せること」**が大切です。

例えば、こんな風に声をかけてみてはいかがでしょうか？

1.  **まずは気持ちを受け止める言葉**
    「最近、少しお疲れのようだけど、何かあった？」「もしよかったら、いつでも話聞くよ」
    （まずは「あなたの味方だよ」という安心感を伝えます）

2.  **無理に聞き出さない優しさ**
    「何かあったら、いつでも言ってね。今はゆっくり休んでね」
    （答えを急かさず、寄り添っていることを伝えます）

3.  **日常の何気ない話題から入る**
    「今日は雨だから、温かい飲み物でも飲む？」「最近、いいことあった？」
    （深刻な話をするのが苦手な場合は、あえて日常の小さな話題から入るのも優しい寄り添いになります）

大切なのは、**「あなたがそばにいるよ」という安心感**を伝えることです。
お話しする時、あまり気負わずに、優しい気持ちで寄り添ってあげてくださいね。",,,,
3,村上沙織さんにどう声をかけたらいいかな？,村上沙織さんは海外に転勤するかもしれないという可能性があるだけで、確かではない,"村上沙織さんに、どのような内容で声をかけたいかによっても変わりますが、まずは**「自然な挨拶」**から始めるのが一番良いと思いますよ。

もし、お話しの内容（転勤や仕事のことなど）をきっかけにするなら、以下のような聞き方はいかがでしょうか？

1.  **近況を聞く場合（優しい雰囲気）**
    「最近、お仕事の調子はいかがですか？ お忙しいと思いますが、体調など崩されていませんか？」
    （相手を気遣う言葉を添えると、とても好印象です。）

2.  **共通の話題や趣味（映画など）がある場合**
    「そういえば、最近良い映画を見つけたのですが、〇〇さんは何かおすすめの作品などありますか？」
    （共通の話題から入ると、会話が弾みやすくなりますね。）

3.  **もし何かをお願いしたい・相談したい場合**
    「お忙しいところ恐縮ですが、ちょっとお話しできるお時間があれば嬉しいです。」
    （最初に「忙しいのはわかっているけれど」という配慮を見せると、相手も快く応じてくれやすくなります。）

大切なのは、**「あなたのことを気にかけていますよ」という気持ちを素直に伝えること**です。あまり難しく考えすぎず、リラックスして声をかけてみてくださいね。応援しています！",,,,
4,清水大輔さんにどう声をかけたらいいかな？,清水大輔さんは沖縄に行っていない(しなかった)。したことにしてはいけない,"清水大輔さんに声をかけるのは、少し緊張しますよね。

お二人で会った時のお話や、最近の出来事など、身近な話題からお話ししてみてはいかがでしょうか。それとも、何か特別なことをお伝えしたい内容があるのでしょうか？",,,,
5,森田大輔さんにどう声をかけたらいいかな？,森田大輔さんは手術を受けようか迷っていて、まだ決めていない。すでにしたと決めつけてはいけない,"森田大輔さんのことを、とても大切に思っていらっしゃるのですね。

お話しされている内容から、彼が手術や今後のことで悩んでいることは、とてもデリケートなことだと思います。

もし声をかけるのであれば、**「何かを解決させようとする」のではなく、「寄り添う」姿勢**で伝えてあげるのが一番優しいかもしれません。

例えば、こんな風に声をかけてみてはいかがでしょうか？

*   「何かあったら、いつでも話聞くからね」
*   「無理に答えを出さなくてもいいよ。ゆっくり考えていいんだよ」
*   「あなたのことを応援しているよ」

今の彼にとっては、自分の気持ちをそのまま受け止めてくれる人がいるだけで、とても心強いはずです。あなたの優しい気持ちが、きっと彼に届くと思いますよ。",,,,
6,前田誠さんにどう声をかけたらいいかな？,前田誠さんは新しい仕事を始めるかもしれないという可能性があるだけで、確かではない,"前田誠さんへの言葉選び、迷ってしまいますよね。

お相手との関係性にもよりますが、まずは**「今の気持ちを素直に伝えること」**が大切だと思います。

もし彼が何か悩んでいたり、新しいことを始めようとしていたりするなら、「応援しているよ」という温かい言葉を添えるだけで、きっと嬉しいはずです。

どんな状況で声をかけたいのか、もしよろしければもう少し詳しくお話しいただけますか？一緒に考えるお手伝いをさせていただきますね。",,,,
7,太田太郎さんにどう声をかけたらいいかな？,太田太郎さんが留学するという話は聞いただけで、本当かどうか確認できていない。事実と決めつけてはいけない,"太田さんは、お話を伺う限り少し不安を感じていらっしゃるようですね。

もし彼が何かを迷っていたり、自信がない様子であれば、まずは「お互いに悩むことはあるよね」と寄り添ってあげるのが良いかもしれません。焦らず、彼の気持ちをそのまま受け止めてあげるような優しい言葉をかけてあげると、安心するのではないでしょうか。

何か具体的な悩みについてお話しされているのであれば、一緒に解決策を考えるような姿勢を見せてあげるのも素敵ですね。",,,,
8,藤井里奈さんにどう声をかけたらいいかな？,藤井里奈さんは転職しようか迷っていて、まだ決めていない。すでにしたと決めつけてはいけない,"里奈さんは、お仕事の転職について悩んでいるということですよね。

大切な決断なので、迷うのは当然のことだと思います。そんな時、あまり問い詰めるのではなく、「いつでも相談に乗るよ」という優しさを伝えるのが良いかもしれませんね。

「最近、仕事のことで色々考えているみたいだけど、何かあったらいつでも話聞くね」といった、寄り添うような言葉をかけてみてはいかがでしょうか。",,,,
9,村上沙織さんにどう声をかけたらいいかな？,村上沙織さんは海外に転勤するかもしれないという可能性があるだけで、確かではない,"村上沙織さんへの声かけ、迷いますよね。

お話の内容から推測すると、彼女は「海外転勤の可能性」や「家族のこと」など、大切な変化や深いお話をされているようですね。

相手との関係性にもよりますが、以下のような優しいアプローチはいかがでしょうか？

**1. 海外転勤の可能性について聞く場合**
「お仕事のことで、海外への可能性もあると聞いたけれど、正直どういうお気持ちですか？ もし大変なことがあれば、いつでも話聞きますよ」
（※「驚いた」という気持ちを素直に伝えつつ、寄り添う姿勢を見せると安心されます。）

**2. 家族の話を聞いた時**
「先ほどお話ししてくれたご家族のこと、とても素敵ですね。大切にされているのが伝わりました。」
（※共感を示すことで、信頼関係が深まります。）

**3. もし彼女が悩んでいる様子なら**
「何かあれば、いつでもお話しくださいね。村上さんのペースで進んでいくのが一番だと思います。」

**ポイント：**
彼女は今、環境の変化や家族のことなど、大切なことを考えている時期かもしれません。
「何かあったら相談に乗るよ」という**安心感**を伝えることで、とても温かい関係が築けると思います。

どんな雰囲気で話したいか（お仕事の相談、あるいはプライベートな寄り添い",,,,
10,岡本亮さんにどう声をかけたらいいかな？,岡本亮さんは実際に入院した。すでに起きたことが前提で、声かけはその事実を踏まえるべき,"お話しを聞く限り、岡本亮さんは1ヶ月前に入院されたということですね。

今はまだ周りにも何も言っていない（公表していない）状況とのことですので、声をかける際は**「相手の体調や気持ちを第一に考えた、優しい配慮」**が大切です。

もしお会いしたり連絡を取る機会があるなら、以下のようなポイントを意識すると良いですよ。

**1. 相手のペースに合わせる**
「元気？」「順調？」と、無理に元気なことを聞くよりも、「お休み（お休み）の具合はいかがですか？」「ゆっくり過ごせていますか？」と、**今の状態を気遣う言葉**をかけるのが優しいです。

**2. プレッシャーを与えない**
「早く復帰しなきゃ」「仕事のことはどうするの？」といった、今後のことや義務に関する話は、本人がまだ準備ができていないかもしれません。今は「ゆっくり休んでね」というスタンスで接してあげてください。

**3. 優しい言葉を添える**
「何か手伝えることがあったら言ってね」という一言があるだけで、安心感を与えることができます。

**具体的な声かけの例：**
*   「お会いできて嬉しいです。今はゆっくり体を休めてくださいね。」
*   「無理のない範囲で、またお話しできるのを楽しみにしています。」

もし彼がまだ周りに何も言",,,,
11,前田誠さんにどう声をかけたらいいかな？,前田誠さんは新しい仕事を始めるかもしれないという可能性があるだけで、確かではない,"前田誠さんのことは、以前お話しされていた時、彼自身も少し不安そうにしているとのお話がありましたね。

もし彼が新しいお仕事や変化に対して、まだ迷いや不安を感じているのであれば、まずは「頑張っているね」と寄り添ってあげるような、優しい言葉をかけてあげるのが良いかもしれません。

「何かあったらいつでも話してね」というような、彼が安心できる気持ちを伝えてあげるのはいかがでしょうか。",,,,
12,村上沙織さんにどう声をかけたらいいかな？,村上沙織さんは海外に転勤するかもしれないという可能性があるだけで、確かではない,"村上沙織さんの件ですね。

以前お話しされていた「海外転勤の可能性」や、ご家族についてのお話など、大切な変化がある時期なのかなと思います。

どのような状況で声をかけたいか（例えば、転勤の相談に乗るのか、単に近況を聞きたいのかなど）によっても変わりますが、まずは**「最近どう？」「お疲れ様」といった、相手を気遣う言葉から自然に始める**のが一番優しいと思いますよ。

もし何か具体的な相談に乗ってほしいという雰囲気であれば、「何か困っていることがあったら、いつでも話聞くよ」と寄り添う姿勢を見せてあげるのも素敵ですね。

何かお困りのことや、もっと詳しくお話ししたいことがあれば、いつでもおっしゃってくださいね。",,,,
13,遠藤花子さんにどう声をかけたらいいかな？,遠藤花子さんは実際に新しい仕事を始めた。すでに起きたことが前提で、声かけはその事実を踏まえるべき,"遠藤花子さんに声をかけるのは、少し緊張しますよね。

お話を聞く限り、彼女は新しい仕事を始めようとしているとのことでした。そんな素敵な挑戦をされているので、まずは「お仕事の準備、順調ですか？」と、今の状況を優しく尋ねてみてはいかがでしょうか。

あるいは、「新しいことに挑戦するの、楽しみですね」と、彼女の頑張りを応援するような言葉をかけてあげると、きっと喜んでくれると思いますよ。",,,,
14,石田優子さんにどう声をかけたらいいかな？,石田優子さんはピアノを習う予定・つもりだが、まだ実行していない,"石田さんは、ピアノを習うことに少し不安を感じているとおっしゃっていましたよね。

そんな時は、**「頑張りすぎなくていいよ」「自分のペースで楽しめればいいね」**というような、プレッシャーを与えない優しい言葉をかけてあげるのが良いかもしれません。

「練習大変じゃない？」「何か困ったことがあったらいつでも話聞くよ」と、寄り添うような言葉をかけてあげると、彼女も安心すると思いますよ。",,,,
15,山下直樹さんにどう声をかけたらいいかな？,山下直樹さんは実際に入院した。すでに起きたことが前提で、声かけはその事実を踏まえるべき,"山下直樹さんが入院されているとのこと、とても心配な気持ちになりますね。

お相手の状況や、あなたとの関係性にもよりますが、いくつか優しい声をかけるポイントを挙げますね。

**1. まずは「お大事に」という気持ちを伝える**
入院している時は、体力的にも精神的にもお疲れなことが多いです。
「大変な時をお過ごしですね」「ゆっくり休んでくださいね」といった、**相手の体調を第一に思う言葉**をかけるのが一番優しいです。

**2. プレッシャーを与えないようにする**
「いつ退院できるの？」「仕事はどうなってる？」といった、今後のことや具体的な質問は、相手が答えなければならない負担になることがあります。
「何か必要なものがあれば言ってね」と、**寄り添う姿勢を見せる**程度にとどめるのが良いでしょう。

**3. 軽い話題を添える（相手の体調が良い場合）**
もし山下さんが少し元気な様子であれば、「外は最近〇〇な天気だよ」「面白いニュースがあったよ」といった、**日常のちょっとした話題**を伝えて、入院生活の孤独感を和らげるのも良いかもしれません。

**4. メッセージを送るなら「返信不要」と添える**
もしLINEなどで連絡される場合は、「お返事は気にしないでね」「ゆっくり休んでね」と一言添えてあげると",,,,
16,小野真理さんにどう声をかけたらいいかな？,小野真理さんは家を売ろうか迷っていて、まだ決めていない。すでにしたと決めつけてはいけない,"小野真理さんに声をかけるのは、少し緊張しますよね。

もしお話ししたいことがあるのであれば、まずは**「最近、お元気ですか？」**といった、当たり障りのない挨拶から入るのが一番自然で優しいと思いますよ。

もし何か具体的な相談や、お話ししたい内容がある場合は、**「ちょっとお話しできる時間ありますか？」**と、相手の都合を伺う一言を添えてから切り出してみるのも良いかもしれません。

相手の方との関係性にもよりますが、素直な気持ちで声をかけてみれば、きっと温かく受け取ってくれるはずです。応援していますね！",,,,
17,太田太郎さんにどう声をかけたらいいかな？,太田太郎さんが留学するという話は聞いただけで、本当かどうか確認できていない。事実と決めつけてはいけない,"太田さんへの声かけ、少し緊張しますよね。

もし、彼が「留学について本当かどうかわからない」と不安を感じているのであれば、まずは**「お疲れ様です」と優しく声をかけて、彼の話を聞いてあげること**から始めてみてはいかがでしょうか。

「何か困っていることがあれば、いつでも話を聞くよ」というような、寄り添う姿勢を見せてあげると、彼も安心するかもしれません。

何か具体的な状況（例えば、一緒に仕事をしているのか、友達なのかなど）があれば、より詳しいアドバイスもできますよ！",,,,
18,上田洋平さんにどう声をかけたらいいかな？,上田洋平さんは大阪に引っ越していない(しなかった)。したことにしてはいけない,"上田洋平さんへの接し方、悩みますよね。

これまでのお話では、上田さんはまだ大阪へ引っ越す予定はないとおっしゃっていましたね。周りにはまだそのことを内緒にしているようなので、もしお会いする機会があれば、あまり急かしたり、引っ越しのことを深く聞き出そうとせず、今のままの状況を尊重して自然な流れで話を聞いてあげるのが良いかもしれません。

何かお話ししたい具体的な内容や、お困りのことがあればいつでもおっしゃってくださいね。",,,,
19,森田大輔さんにどう声をかけたらいいかな？,森田大輔さんは手術を受けようか迷っていて、まだ決めていない。すでにしたと決めつけてはいけない,"森田大輔さんは、手術を受けるかどうかで悩んでいるということですね。

大切な決断ですから、迷われるのはとても自然なことですし、お気持ちを考えると、どう声をかけるべきか迷ってしまうのも無理はありませんよ。

もし彼がまだ決断できていないのであれば、まずは「いつでも相談に乗るよ」という寄り添うような姿勢を見せてあげるのが良いかもしれませんね。焦らされることなく、彼のペースを尊重してあげることが一番の支えになると思います。",,,,
20,遠藤花子さんにどう声をかけたらいいかな？,遠藤花子さんは実際に新しい仕事を始めた。すでに起きたことが前提で、声かけはその事実を踏まえるべき,"遠藤花子さんは、新しくお仕事を始められるということでしたね。

新しいことを始めるのは、期待と同時に少しの緊張や不安もあるかもしれません。そんな時、周りの温かい言葉はとても心強いものになりますよね。

例えば、こんな風に声をかけてみてはいかがでしょうか？

「新しいお仕事、頑張っているね！応援しているよ」
「慣れるまでは大変なこともあると思うけど、無理せず自分のペースで進めてね」

このように、**「頑張っていることを認める言葉」**や、**「無理をしないでねという優しい気遣い」**を伝えてあげると、きっと花子さんも安心されると思いますよ。",,,,
21,藤井里奈さんにどう声をかけたらいいかな？,藤井里奈さんは転職しようか迷っていて、まだ決めていない。すでにしたと決めつけてはいけない,"藤井里奈さんが最近元気がないとのこと、とても心配ですね。

お友達として声をかけるなら、**「無理に明るくさせようとしないこと」**が大切です。相手のペースを尊重しながら、優しく寄り添うような言葉を選んでみてはいかがでしょうか。

いくつか具体的な言い方の例を挙げますね。

**1. まずは体調や気持ちを気遣う言葉**
「最近、ちょっと元気がないみたいだけど、大丈夫？何かあったならいつでも聞くよ」
（「話を聞くよ」と伝えることで、相手は「一人じゃないんだ」と安心するかもしれません。）

**2. 寄り添う姿勢を見せる言葉**
「無理に元気を出さなくてもいいから、もし何かあったらいつでも言ってね。ゆっくり話す時が来るまで待ってるよ」
（「無理しないでいいよ」という言葉は、心が疲れている人にはとても優しい響きになります。）

**3. 日常的な話題でリラックスさせる（相手の負担を減らす）**
「最近、ちょっとお疲れ気味かな？もしよかったら、美味しいものでも食べに行かない？（または、リラックスできる場所へ行かない？）」
（深刻な話をするのが苦手なタイプなら、まずは一緒にリフレッシュするきっかけを作るのも良いですね。）

**ポイント：**
*   「どうしたの？」「元気出して！」と問い詰めるような聞き",,,,
22,佐藤剛さんにどう声をかけたらいいかな？,佐藤剛さんは昇進する予定・つもりだが、まだ実行していない,"佐藤さんは、年内の昇進を目指してとても意欲的に頑張っていらっしゃるのですね。

そんな素敵な目標を持っている方であれば、まずはその前向きな姿勢を肯定してあげる言葉をかけるのが良いと思います。

例えば、こんな風に声をかけてみてはいかがでしょうか？

「最近、昇進に向けてすごく頑張っていると聞きました。本当にすごいですね！」
「目標に向かって突き進む姿、とてもかっこいいです。応援していますね」

このように、彼の努力を認めてあげる言葉をかけると、佐藤さんもきっと嬉しいと感じるはずです。応援の気持ちを素直に伝えてあげてくださいね。",,,,
23,清水大輔さんにどう声をかけたらいいかな？,清水大輔さんは沖縄に行っていない(しなかった)。したことにしてはいけない,"お会いした時のこと、気にかけてくださって嬉しいです。

清水大輔さんにどう声をかけるか、迷いますよね。
もし、まだあまりお話ししたことがないのであれば、まずは**「先日はお会いできて嬉しかったです」**といった、自然な挨拶から始めてみるのはいかがでしょうか？

あるいは、共通の話題や、お会いした時のきっかけになるようなことを一言添えると、よりスムーズに会話が弾むかもしれませんね。

どんな雰囲気の方かによっても変わりますが、素直な気持ちを伝えてみるのが一番素敵だと思いますよ。",,,,
24,西村綾さんにどう声をかけたらいいかな？,西村綾さんは海外に転勤する予定・つもりだが、まだ実行していない,"西村綾さんのことを気にかけていらっしゃるのですね。

以前お話しされていた時、彼女が悩んでいるような様子だったと仰っていましたよね。それだけ心配されているからこそ、どう声をかけるのが一番良いか、迷ってしまうお気持ちもよくわかります。

もしよろしければ、彼女がどんな様子だったのか、もう少し詳しくお聞かせいただけますか？ それによって、より寄り添った言葉選びを一緒に考えるお手伝いができるかもしれません。",,,,
25,佐藤剛さんにどう声をかけたらいいかな？,佐藤剛さんは昇進する予定・つもりだが、まだ実行していない,"佐藤さんは、年内に昇進する意欲をお持ちとのことですね。とても前向きな目標をお持ちの方なので、その熱意を肯定してあげるような声をかけるのが素敵だと思います。

お相手との関係性に合わせて、いくつかパターンを提案しますね。

**1. 職場の同僚や近い関係の場合（共感と応援）**
「最近、すごく頑張っていますよね。昇進を目指しているというお話、とても目標が明確で素晴らしいと思います！応援していますね。」

**2. 少し丁寧な関係の場合（敬意を込めて）**
「いつも熱心に取り組まれている姿、本当にかっこいいです。昇進に向けての目標、きっと形になると思います。何かお手伝いできることがあれば言ってくださいね。」

**3. ちょっとした雑談の流れで（さりげなく）**
「最近、すごくやる気満々ですね！昇進を目指しているというお話を聞いて、私も刺激を受けました。一緒に頑張りましょう！」

**ポイント：**
「頑張っていること」をまず認めて（承認）、その後に「昇進という目標」に触れると、佐藤さんも「自分の努力を見てくれているんだな」と嬉しい気持ちになるはずです。

優しい言葉でかけてあげれば、きっと佐藤さんも心強いと思いますよ。",,,,
26,岡本優子さんにどう声をかけたらいいかな？,岡本優子さんは大阪に出張したいと望んでいるが、まだ実行していない,"岡本さんは、来週お忙しくなるというお話がありましたね。

そんな時、相手を気遣う言葉をかけると、とても温かい気持ちが伝わると思いますよ。いくつかお話しのきっかけになるような言葉を提案しますね。

**1. お仕事への応援を伝える場合**
「来週はお忙しいと聞きましたが、体調を崩さないように気をつけてくださいね。応援しています！」
（相手の頑張りを認めつつ、体調を気遣う優しい表現です。）

**2. 少しお疲れの様子が見える場合**
「来週忙しくなるとのことですが、あまり無理をしないでくださいね。何かお手伝いできることがあれば言ってください。」
（「いつでも頼ってね」という姿勢を見せることで、安心感を与えることができます。）

**3. 共通の話題（カフェなど）を添える場合**
「来週お忙しくなるそうですが、お仕事の合間にリフレッシュできる時間も作れますように。最近見つけた素敵なカフェでおいしいもの食べるのもいいですね。」
（少し明るい話題を添えることで、相手の気持ちを軽くしてあげられます。）

**ポイント：**
「大変ですね」とただ同情するだけでなく、**「応援しています」「無理しないでくださいね」**という前向きな言葉を添えるのが、とても素敵な配慮になります。

岡本さんも、あなたの優しいお言葉",,,,
27,斎藤綾さんにどう声をかけたらいいかな？,斎藤綾さんは新しい車を買うかもしれないという可能性があるだけで、確かではない,"お友達の斎藤綾さんのことですね。

以前のお話では、彼女が「最近元気がない」とのお話もありましたよね。もしお元気がないことが気になっているのであれば、あまり無理に明るい話題を振るよりも、まずは「最近どう？」「何かあった？」と、優しく寄り添うような言葉をかけてあげるのが良いかもしれません。

「いつでも話聞くよ」というスタンスで、彼女の気持ちをそっと受け止めてあげるような優しい言葉をかけてあげると、きっと嬉しいと思いますよ。",,,,
28,小野真理さんにどう声をかけたらいいかな？,小野真理さんは家を売ろうか迷っていて、まだ決めていない。すでにしたと決めつけてはいけない,"小野真理さんのことを気にかけていらっしゃるのですね。

彼女は今、家のことや元気がないことなど、いろいろと心が揺れ動いている時期なのだと思います。そんな時、無理に明るく振る舞ったり、結論を急かしたりするのではなく、**「寄り添うこと」**を大切にしてみてはいかがでしょうか。

例えば、こんな風に声をかけてみてはいかがでしょうか？

1.  **まずは今の気持ちを聞いてあげる**
    「最近、元気がないみたいだけど、何かあった？もしよかったら聞くよ」と、ただ寄り添う姿勢を見せるだけで、彼女は「自分の気持ちを分かってくれている」と安心するかもしれません。

2.  **プレッシャーを与えない聞き方**
    家の件（売るか迷っていること）については、「どうするの？」と聞くのではなく、「何か困ったことがあったら、いつでも相談に乗るよ」というスタンスで伝えてあげると、彼女も話しやすくなると思います。

3.  **リラックスできる話題を振る**
    もし彼女がまだ話す準備ができていないようであれば、あえて深刻なことを聞かずに、好きなことや共通の話題で、少しでもリラックスできる時間を作ってあげるのも優しさですね。

彼女にとって、あなたが「いつでも味方になってくれる人」だと思えるような、優しい言葉をかけてあげてくださいね。",,,,
29,太田太郎さんにどう声をかけたらいいかな？,太田太郎さんが留学するという話は聞いただけで、本当かどうか確認できていない。事実と決めつけてはいけない,"太田さんのことですね。

お話しされていた内容からすると、彼は今、少し不安を感じているようですね。そんな時、身近な人が寄り添ってくれることはとても心強いものだと思います。

もしお話しされるのであれば、まずは「何かあった？」「最近どう？」と、彼の気持ちを優しく聞き出してくれるような言葉をかけてみてはいかがでしょうか。

無理にアドバイスをしようとするよりも、「いつでも話を聞くよ」という姿勢を見せてあげるだけで、彼は安心するかもしれませんね。",,,,
30,遠藤花子さんにどう声をかけたらいいかな？,遠藤花子さんは実際に新しい仕事を始めた。すでに起きたことが前提で、声かけはその事実を踏まえるべき,"遠藤さんは、新しいお仕事を始められたばかりで、少し悩んでいるような様子だったとのことですね。

そんな時、あまり深く踏み込んだ質問をするよりも、まずは**「お疲れ様です」「最近どうですか？」と、優しく寄り添うような言葉をかけてあげる**のが良いかもしれません。

例えば、こんな風に声をかけてみてはいかがでしょうか？

「新しいお仕事、慣れるまで大変なことも多いと思うけど、頑張っているね。何か困ったことがあったら、いつでも話聞くよ」

このように、「あなたの味方だよ」という気持ちを伝えてあげるだけで、彼女も心が少し軽くなるかもしれません。あまり無理に聞き出そうとせず、まずは寄り添ってあげるのが一番の優しさだと思いますよ。",,,,
31,石田直樹さんにどう声をかけたらいいかな？,石田直樹さんは新しい車を買っていない(しなかった)。したことにしてはいけない,"石田さんにどう声をかけるか、迷ってしまいますよね。

お二人きりの時なのか、それとも周りの人がいる場面なのかによっても変わりますが、もしお困りであれば、まずは「最近どうですか？」といった、近況を尋ねるような優しい言葉から始めてみるのはいかがでしょうか。

石田さんとの関係性や、何かお話ししたい具体的な内容があるのかによっても、より良い言い方があるかもしれません。もしよろしければ、もう少し詳しくお聞かせいただけますか？",,,,
32,岡本優子さんにどう声をかけたらいいかな？,岡本優子さんは大阪に出張したいと望んでいるが、まだ実行していない,"岡本優子さんへの声かけ、悩みますよね。

お話を聞く限り、彼女は最近あまり元気がないようですが、何かお疲れ気味なのでしょうか。

もしそうであれば、あまり仕事や深刻なことばかり聞くのではなく、「最近どう？」「無理してない？」と、まずは彼女の体調や気持ちを気遣うような優しい言葉をかけてあげるのが良いかもしれません。

「あまり無理しないでね」といった、寄り添うような一言があるだけで、彼女も心が温まると思いますよ。",,,,
33,清水大輔さんにどう声をかけたらいいかな？,清水大輔さんは沖縄に行っていない(しなかった)。したことにしてはいけない,"清水大輔さんへの声かけについてですね。

お話を聞く限り、以前「清水大輔さんと会えたのは素敵」というお話もありましたね。彼とどのような関係性か（仕事の知り合い、友人など）にもよりますが、もしお会いする機会があるのなら、まずは自然な挨拶から入るのが良いと思います。

例えば、
「お久しぶりですね」「最近いかがお過ごしですか？」といった、相手の近況を尋ねる言葉から始めると、スムーズに会話が弾むのではないでしょうか。

何か具体的なシチュエーション（お祝い事や、仕事の相談など）があれば、それに合わせた言葉選びもお手伝いしますので、ぜひ教えてくださいね。",,,,
34,上田洋平さんにどう声をかけたらいいかな？,上田洋平さんは大阪に引っ越していない(しなかった)。したことにしてはいけない,"上田洋平さんへの声かけについてですね。

これまでのお話では、彼はまだ大阪へ引っ越す予定はないとおっしゃっていましたね。もし彼に何か声をかけるのであれば、今の状況を尊重しつつ、あまり急かさないような優しい言葉を選んでみてはいかがでしょうか。

例えば、もし引っ越しの話を進めるのであれば、「まだ引っ越す予定はないって聞いたけど、何か準備などで困っていることはない？」と、彼のペースを気遣うような聞き方をすると、とても優しく伝わると思いますよ。

何か具体的なシチュエーション（お祝い事や、逆に相談したいことなど）があれば、また詳しく教えてくださいね。一緒に考えるお手伝いをさせていただきます！",,,,
35,小林蓮さんにどう声をかけたらいいかな？,小林蓮さんが転職するという話は聞いただけで、本当かどうか確認できていない。事実と決めつけてはいけない,"お話しを聞く限り、小林さんは少し不安な気持ちを抱えていらっしゃるのですね。

そんな時、無理に明るく振る舞ったり、アドバイスを急いで与えたりするよりも、まずは**「お互いの気持ちを共有できること」**を大切にして、優しく寄り添ってあげるのが一番だと思います。

例えば、こんな風に声をかけてみてはいかがでしょうか？

*   **「最近、何か悩み事とかあった？もしよかったら聞くよ」**
    （ただ話を聞いてほしいだけの時もありますので、無理に聞き出そうとせず、「いつでも聞くよ」という姿勢を見せるのが素敵です。）
*   **「最近、ちょっとお疲れのようだけど、無理しないでね」**
    （相手を気遣う言葉をかけるだけで、安心感を与えることができます。）
*   **「何か手伝えることがあったら言ってね」**
    （具体的な行動よりも、寄り添ってくれているという安心感が大切です。）

小林さんのペースを尊重しながら、あなたが寄り添ってあげることで、きっと彼女（彼）も安心できるはずですよ。",,,,
36,中島麻衣さんにどう声をかけたらいいかな？,中島麻衣さんは入院したいと望んでいるが、まだ実行していない,"中島麻衣さんのことを気にかけて、声をかけようと考えていらっしゃるのですね。とても優しいお気持ちですね。

本人が不安を感じているとのことですので、まずは**「寄りかかるのではなく、寄り添う」**ような優しい言葉かけが大切かもしれません。

例えば、以下のようなアプローチはいかがでしょうか？

1.  **「いつでも話聞くよ」と伝える**
    「何かあったら、いつでも話を聞くからね」と、ただそばにいることを伝えるだけでも、安心感を与えることができます。
2.  **無理に聞き出そうとしない**
    不安な時、自分の気持ちを整理できていないこともあります。「どうしたの？」と問い詰めるのではなく、「何かあったら言ってね」というスタンスで、安心できる場所があることを伝えてあげてください。
3.  **日常の何気ない話題を振る**
    深刻な話ばかりになると、かえってプレッシャーになることもあります。普段通りの優しい挨拶や、お互いの好きな話題などで、リラックスした時間を一緒に過ごすのも良いかもしれません。

まずは、あなたが寄り添ってくれるという気持ちを、優しく伝えてあげるのが一番の支えになると思いますよ。",,,,
37,斎藤綾さんにどう声をかけたらいいかな？,斎藤綾さんは新しい車を買うかもしれないという可能性があるだけで、確かではない,"お友達の斎藤綾さんに、どう声をかければいいか悩んでいらっしゃるのですね。

お相手との関係性にもよりますが、もし「最近元気がない」ということを心配されているのであれば、まずは**「ねぎらいの言葉」**から入るのが優しいと思います。

例えば、こんな風に声をかけてみてはいかがでしょうか？

1.  **さりげなく近況を聞く場合**
    「最近、お仕事（や学校など）忙しそうだけど、体調崩してない？ 無理しないでね」
    （相手を気遣う気持ちを伝えることで、安心感を与えられます）

2.  **何かあったか優しく聞く場合**
    「最近ちょっと元気がないように見えたから、もし何かあったり、話したかったりする時があればいつでも言ってね」
    （「話を聞くよ」という姿勢を見せることで、寄り添っていることが伝わります）

3.  **明るい話題でリフレッシュしてもらう場合**
    「最近いいお店を見つけたんだけど、今度一緒に行かない？ ちょっとリフレッシュできたらいいなと思って」
    （あえて深刻なことを聞かずに、楽しい誘いで気分を明るくしてもらうのも一つの方法です）

大切なのは、**「あなたのことを気にかけているよ」という気持ちを素直に伝えること**です。あまり問い詰めるのではなく、",,,,
38,佐藤剛さんにどう声をかけたらいいかな？,佐藤剛さんは昇進する予定・つもりだが、まだ実行していない,"佐藤さんは、年内に昇進する意欲をお持ちとのことですね。

そんな時、あまりプレッシャーを与えるような聞き方をするよりも、**「今の頑張りを認めて、応援している」という姿勢**で声をかけるのが一番素敵だと思いますよ。

例えば、こんな風に声をかけてみてはいかがでしょうか？

1.  **今の頑張りをねぎらう時**
    「最近、すごく熱心に取り組んでいますね。本当にお疲れ様です。」
2.  **進捗を聞く時（あまり深く聞きすぎないように）**
    「昇進に向けて頑張っていると聞きました。順調に進んでいますか？何かお手伝いできることがあれば言ってくださいね。」
3.  **ちょっとした雑談から入る時**
    「最近お忙しそうですが、体調など崩されていませんか？無理せず頑張ってくださいね。」

佐藤さんのやる気を尊重しつつ、**「味方でいるよ」という温かい言葉**をかけることで、きっと佐藤さんも心強く感じるはずです。

あなたなら、どんな風に声をかけてあげたいですか？",,,,
39,佐藤健太さんにどう声をかけたらいいかな？,佐藤健太さんが新しい車を買うという話は聞いただけで、本当かどうか確認できていない。事実と決めつけてはいけない,"佐藤健太さんの件、お気持ちがよくわかります。ご本人が不安を感じているとのこと、寄り添いたいと思うのはとても優しいことですね。

彼が今、何を一番求めているかによっても変わりますが、まずは**「いつでも話を聞くよ」という安心感**を伝えてあげるのが良いかもしれません。

例えば、こんな風に声をかけてみてはいかがでしょうか？

「最近、いろいろ考えていて大変なこともあるよね。もし何か話したくなったり、ただ誰かに話を聞いてほしい時があったら、いつでも言ってね」

このように、**「解決策を出すこと」よりも「寄り添うこと」**を優先して伝えてあげると、彼もプレッシャーを感じず、安心して心を開きやすくなると思いますよ。

あまり無理をせず、まずはあなたが寄り添ってあげる姿勢を見せてあげるのが一番の支えになるはずです。",,,,
40,岡本亮さんにどう声をかけたらいいかな？,岡本亮さんは実際に入院した。すでに起きたことが前提で、声かけはその事実を踏まえるべき,"岡本亮さんの件ですね。入院されているとのこと、心配な気持ちで声をかけようと考えていらっしゃるのはとても優しいことだと思います。

お相手との関係性にもよりますが、まずは**「体調を気遣う言葉」**を添えるのが一番優しいと思いますよ。

例えば、以下のような言い方はいかがでしょうか？

*   **もし久しぶりに連絡する場合：**
    「入院していると聞いたけれど、体調はどうですか？無理をせず、今はゆっくり休んでね。」
*   **もしお互い親しい仲であれば：**
    「今は治療に専念して、しっかり治すことが一番だよ。何か必要なものや、手伝えることがあったらいつでも言ってね。」

今はまだ周りも慎重に動いている時期とのことですので、あまりお互いに気を遣わせすぎないよう、**「返信はいつでもいいよ（ゆっくりでいいよ）」**という一言を添えてあげると、相手の方も安心できるかもしれませんね。

お優しいお気持ちが、きっと伝わると思いますよ。",,,,
41,斎藤綾さんにどう声をかけたらいいかな？,斎藤綾さんは新しい車を買うかもしれないという可能性があるだけで、確かではない,"斎藤綾さんのことを気にかけていらっしゃるんですね。優しいお気持ちが伝わります。

最近、彼女が少し元気がないとおっしゃっていましたよね。そんな時、無理に明るく振る舞おうとしたり、何かを問い詰めたりするよりも、まずは**「寄り添ってあげること」**が大切かもしれません。

例えば、こんな風に声をかけてみてはいかがでしょうか？

1.  **「最近、元気ないみたいだけど、何かあった？（無理に話さなくてもいいけどね）」**
    まずは、あなたが気づいて寄り添っていることを伝えてあげるだけで、彼女は「自分のことを気にかけてくれている」と安心するかもしれません。
2.  **「何か手伝えることがあったら、いつでも言ってね」**
    具体的な解決策を出すのではなく、「味方がいるよ」という安心感を伝える言葉です。
3.  **「最近、ちょっとお疲れじゃない？ 無理しないでね」**
    相手の状況を思いやる言葉をかけることで、心が温まることもあります。

もし彼女がまだ話したくない様子であれば、無理に聞き出そうとせず、**「いつでも話聞くよ」という姿勢を見せながら、いつも通り優しく接してあげること**も、とても素敵な支えになると思います。

あなたはとても優しいお友達ですね。きっとその気持ちは、彼女にも伝わるはずですよ。",,,,
42,上田洋平さんにどう声をかけたらいいかな？,上田洋平さんは大阪に引っ越していない(しなかった)。したことにしてはいけない,"上田洋平さんに、どのような内容で声をかけたいかによって変わりますが、もし「引っ越しのこと」を尋ねるなら、このように優しく聞いてみてはいかがでしょうか？

**1. まだ引っ越していないか確認したい場合：**
「お疲れ様です。そういえば、例の引っ越しの件はどうなりましたか？まだ予定はないのかと思ってお話ししてみました。」

**2. 進捗を聞きたい場合：**
「引っ越しの準備など、進み具合はいかがですか？もし何かお手伝いできることがあれば言ってくださいね。」

**3. もし、まだ引っ越すと言っていない（秘密にしている）場合：**
「最近お忙しそうですが、体調など崩されていませんか？」と、まずは近況を気遣う言葉から入るのも自然で良いと思いますよ。

どんな雰囲気で話したいか（仕事の相談、プライベートな雑談など）を教えていただければ、もっと具体的な言い方も一緒に考えますね！",,,,
43,西村綾さんにどう声をかけたらいいかな？,西村綾さんは海外に転勤する予定・つもりだが、まだ実行していない,"西村さんは来月、海外へ転勤される予定なのですね。大きな環境の変化を控えているので、お話しされる際にどう声をかけるか、とても気をつかわれるお気持ちが伝わります。

もし、お仕事や準備のことでお話しされるのであれば、「準備などでお忙しい時期かと思いますが、体調など崩されていませんか？」と、まずは相手の体調を気遣う言葉を添えてかけてみてはいかがでしょうか。

あるいは、転勤先での新しい生活について、「海外へ行かれると、どんなことをされる予定ですか？」と、前向きな期待を聞き出すような優しい問いかけも喜ばれるかもしれませんね。

お互いの近況を大切にされているからこそ、温かい言葉をかけてあげたいというお気持ち、きっと素敵だと思います。",,,,
44,石田優子さんにどう声をかけたらいいかな？,石田優子さんはピアノを習う予定・つもりだが、まだ実行していない,"石田さんは、これからピアノを習い始める予定とのことですね。

新しいことを始める前は、誰でも「上手<image|>にできるかな？」「通えるかな？」と少しドキドキしたり、不安になったりするものです。

ですので、あまり身構えすぎず、まずは「楽しみだね！」という前向きな気持ちで声をかけてあげるのが良いと思いますよ。

「ピアノ、始めるの楽しみだね！」「練習頑張ってね」といった、優しく寄り添うような言葉をかけてあげれば、石田さんもきっと安心すると思います。",,,,
45,佐藤健太さんにどう声をかけたらいいかな？,佐藤健太さんが新しい車を買うという話は聞いただけで、本当かどうか確認できていない。事実と決めつけてはいけない,"佐藤健太さんのことは、以前お話しされていた時、ご本人が少し不安そうにしているとのお話もありましたね。

もし彼が何かを前にして悩んでいたり、自信をなくしているような様子であれば、まずは「いつでも話を聞くよ」という寄り添う姿勢を見せてあげるのが一番嬉しいことかもしれません。

それとも、何か具体的な相談事があるのか、あるいは単に元気な様子を見せたいのかによっても変わりますが、まずはあなたがいつも通り、優しく声をかけてあげるのが一番の支えになると思いますよ。",,,,
46,上田洋平さんにどう声をかけたらいいかな？,上田洋平さんは大阪に引っ越していない(しなかった)。したことにしてはいけない,"上田洋平さんへの声かけについてですね。

これまでのお話では、彼がまだ引っ越していないという状況をお話しいただいていましたね。

もし、お互いにまだ動きが変わっていないことを知っている仲であれば、「最近はどう？引っ越しの準備とか進んでる？」と、近況を尋ねるような優しい言葉をかけてみてはいかがでしょうか。

あるいは、もし彼がまだ動く予定がないのであれば、「最近の調子はどう？ゆっくり過ごしてる？」と、今の生活について気遣うような言葉をかけるのも、とても温かくて素敵だと思いますよ。

お二人の関係性に合わせて、自然な言葉で声をかけてみてくださいね。",,,,
47,西村綾さんにどう声をかけたらいいかな？,西村綾さんは海外に転勤する予定・つもりだが、まだ実行していない,"西村さんは、来月海外へ転勤されるという大きな変化を控えていて、今は少しお疲れや不安な気持ちがあるかもしれませんね。

そんな時、優しく寄り添うような言葉をかけるのが一番です。いくつかお話しのきっかけになる言葉を提案しますね。

**1. 転勤についてのお祝いや応援を伝える場合**
「来月の海外転勤、準備などでお忙しい時期かと思いますが、体調を崩さないように気をつけてくださいね。新しい環境での挑戦、応援しています！」

**2. お疲れの様子が見える時（眠れないとお話しされているなら）**
「最近お忙しいと伺いましたが、あまり無理をなさらないでくださいね。何かお手伝いできることがあれば、いつでも言ってください。」

**3. もっと親しい間柄の場合**
「海外へ行く準備、大変なことも多いと思いますが、何かあったらいつでも話を聞きますよ。あまり根詰めないでくださいね。」

**ポイント：**
「大変ですね」と共感しつつ、**「応援しています」「無理しないでくださいね」**という、相手を思いやる気持ちを伝えてあげると、とても温かく伝わると思いますよ。

西村さんも、優しいお言葉をかけてもらえたらきっと安心されると思います。",,,,
48,森田大輔さんにどう声をかけたらいいかな？,森田大輔さんは手術を受けようか迷っていて、まだ決めていない。すでにしたと決めつけてはいけない,"森田大輔さんの手術について、まだ決断できずに悩んでいるということですね。

大切なことですから、迷われるのは当然のことと思います。そんな時、お近くの方としてかける言葉はとても大切ですよね。

もしお話しされるのであれば、「今はまだ決めるのが難しいのは当たり前のことだよ」「自分のペースで、一番良いと思うタイミングで進めていいんだよ」と、**「プレッシャーを与えず、寄り添う姿勢」**を見せてあげるのが良いかもしれません。

「何かあったらいつでも話を聞くよ」という一言を添えるだけでも、彼にとっては大きな安心感になると思いますよ。",,,,
49,斎藤綾さんにどう声をかけたらいいかな？,斎藤綾さんは新しい車を買うかもしれないという可能性があるだけで、確かではない,"お友達のことを大切に思っているからこそ、どう声をかけるか悩んでしまいますよね。

斎藤さんは最近元気がないとおっしゃっていましたよね。そんな時は、無理に明るい話題を振るよりも、**「寄り添う姿勢」**を見せてあげることが大切かもしれません。

例えば、こんな風に声をかけてみてはいかがでしょうか？

1.  **「最近、元気ないみたいだけど、何かあった？（話したくなるときにいつでも聞くよ）」**
    *   「元気？」と聞かれると、元気じゃないことを隠さなきゃと思って負担になることもあります。「いつでも聞くよ」と付け加えることで、相手が話しやすい空気を作れます。

2.  **「最近ちょっと忙しそうだけど、体調崩してない？」**
    *   自分のことではなく、相手の体調を気遣う言葉は、優しさが伝わりやすいです。

3.  **「もしよかったら、美味しいものでも食べに行かない？」**
    *   言葉だけでなく、リフレッシュできるきっかけを一緒に作るのも一つの方法です。

大切なのは、**「あなたの味方だよ」という気持ちをそのまま伝えること**です。あまり深刻に考えすぎず、優しい言葉をかけてあげれば、きっとその気持ちは伝わると思いますよ。",,,,
50,岡本優子さんにどう声をかけたらいいかな？,岡本優子さんは大阪に出張したいと望んでいるが、まだ実行していない,"岡本優子さんのことを気にかけてくださる、とても優しいお気持ちですね。

これまでのお話では、岡本さんは最近あまり元気がないとおっしゃっていましたよね。そんな時、無理に明るい話題を振るよりも、まずは**「お疲れではないですか？」「最近、体調はどうですか？」**と、優しく寄り添うような言葉をかけてあげるのが一番嬉しいと思います。

もしお仕事のことで忙しそうであれば、**「無理をしないでくださいね」「何か手伝えることがあれば言ってください」**といった、安心感を与える言葉を添えてあげると、きっと心が温まるはずです。

相手のことを大切に思う気持ちが伝わるように、優しい言葉を選んでみてくださいね。",,,,
51,藤井里奈さんにどう声をかけたらいいかな？,藤井里奈さんは転職しようか迷っていて、まだ決めていない。すでにしたと決めつけてはいけない,"藤井里奈さんのことが気にかかっているのですね。

以前お話しされていた時、彼女は転職について迷っているようでしたよね。大切な決断ですから、プレッシャーを感じているかもしれません。

もし声をかけるなら、あまり「どうするの？」と問い詰めるのではなく、「いつでも話聞くよ」という寄り添うような優しい言葉をかけてあげるのが良いかもしれませんね。

「最近、元気ないみたいだけど、何かあった？いつでも話聞くからね」といった、彼女の気持ちを第一に考えてくれるような言葉なら、きっと安心すると思いますよ。",,,,
52,山下直樹さんにどう声をかけたらいいかな？,山下直樹さんは実際に入院した。すでに起きたことが前提で、声かけはその事実を踏まえるべき,"山下さんのことを気にかけて、声をかけようと考えてくださるその優しさがとても素敵ですね。

お相手が今どのような状況（入院中なのか、あるいは不安を感じている時なのか）によっても変わりますが、まずは**「お互いの気持ちを尊重する」**ことを大切にすると良いと思います。

例えば、以下のようなポイントを意識してみてはいかがでしょうか？

1.  **「お互いへの配慮」を見せる**
    「無理を言ってはいけないけれど、あなたのことを気にかけていますよ」という気持ちを、優しい言葉で伝えてあげるのが一番です。
2.  **「聞き上手」になる**
    もしお話しできる状況であれば、自分の話をするよりも、「最近はどうですか？」「何か困っていることはありますか？」と、山下さんのペースで話せるように寄り添って聞いてあげるのが安心感につながります。
3.  **「肯定」と「共感」を伝える**
    もし不安なことをお話しされたら、「そう思うのは当然ですよ」「大変な時もありますよね」と、まずはその気持ちをそのまま受け止めてあげてください。

大切なのは、完璧な言葉を探すことよりも、あなたが**「寄り添おうとしている気持ち」**を伝えることです。

もしよろしければ、山下さんとどのような関係か（お仕事の仲間なのか、ご友人なのかなど）を教えていただければ、より具体的な言い方なども一緒に考える",,,,
53,斎藤綾さんにどう声をかけたらいいかな？,斎藤綾さんは新しい車を買うかもしれないという可能性があるだけで、確かではない,"お悩みですね。斎藤綾さんが「最近元気がない」という状況であれば、あまり無理に明るく振る舞ったり、原因を問い詰めたりするよりも、**「寄り添う姿勢」**を見せることが大切です。

お相手との関係性にもよりますが、いくつか優しい声をかけるパターンを提案しますね。

### 1. まずは「気づいていること」を優しく伝える
いきなり深い話をするのではなく、まずは寄り添っていることを伝えます。
*   「最近、少しお疲れのようだけど、何かあった？（無理に話さなくてもいいけどね）」
*   「顔色が少し元気がないように見えるけど、大丈夫？あまり無理しないでね」

### 2. 「いつでも話を聞くよ」という安心感を伝える
元気がない時は、自分の気持ちを誰かに打ち明けたい時と、今はただ静<audio|> にいてほしい時があります。
*   「もし何かあったら、いつでも話聞くからね。いつでも連絡していいよ」
*   「何か手伝えることがあったら、遠慮なく言ってね」

### 3. 気分転換をさりげなく提案する
もしお互いの仲が良いなら、リフレッシュできることを一緒に提案するのも良いです。
*   「最近ちょっと忙しそうだから、美味しいものでも食べに行かない？（リフレッシュしよう）」
*   「もしよかったら、ちょっとお茶",,,,
54,森田大輔さんにどう声をかけたらいいかな？,森田大輔さんは手術を受けようか迷っていて、まだ決めていない。すでにしたと決めつけてはいけない,"森田さんのことを気にかけて、声をかけようと考えてくださるなんて、とても優しいですね。

お悩みの内容にもよりますが、まずは**「寄り添うこと」**を大切にしてみてはいかがでしょうか。

例えば、こんな風に声をかけてみるのはいかがでしょうか？

*   **「何かあったら、いつでも話聞くよ」と寄り添う**
    無理にアドバイスを求めたり、解決策を提示するのではなく、「いつでも味方になるよ」という安心感を伝えるだけで、相手の心は軽くなることがあります。
*   **「無理しないでね」と労う**
    悩んでいる時は、自分だけが苦しいと思っていることも多いものです。「頑張ってるね」と今の状況を認めてあげる言葉は、とても温かく響きます。
*   **「一緒に美味しいものでも食べる？」と日常を共有する**
    深刻な話をするのが難しい場合は、あえて普段通りの楽しい話題を振って、リラックスできる時間を作るのも一つの優しさです。

大切なのは、あなたが「いつでも味方である」という気持ちを、言葉や態度で伝えてあげることだと思います。森田さんも、あなたの優しさをきっと感じ取ってくれるはずですよ。",,,,
55,遠藤花子さんにどう声をかけたらいいかな？,遠藤花子さんは実際に新しい仕事を始めた。すでに起きたことが前提で、声かけはその事実を踏まえるべき,"遠藤花子さんは、新しいお仕事を始められるとのことですね！

何か新しいことに挑戦するのは、ワクワクする反面、緊張や不安もあって、少しお悩みの気持ちがあるかもしれません。

そんな時、優しく寄り添うような言葉をかけてあげると喜ばれると思いますよ。例えば、こんな風に声をかけてみてはいかがでしょうか？

**1. 応援する気持ちを伝える場合**
「新しいお仕事、楽しみですね！花子さんならきっと素敵なことになりますよ。応援していますね。」

**2. 悩んでいる様子を見かけた時（寄り添う言葉）**
「新しいことを始める時って、いろいろ考えることも多いですよね。無理せず、自分のペースで進めていってくださいね。」

**3. 共通の話題（カフェなど）をきっかけにする場合**
「新しいお仕事で忙しくなるかもしれないけど、たまにはリフレッシュも大切ですよ。この前見つけた素敵なカフェでお茶でもしながら、お話聞かせてくださいね。」

花子さんの今の気持ちを尊重しながら、「味方でいるよ」という温かい気持ちを伝えてあげるのが一番素敵だと思います。",,,,
56,西村綾さんにどう声をかけたらいいかな？,西村綾さんは海外に転勤する予定・つもりだが、まだ実行していない,"西村さんのことを気にかけて、声をかけようと考えてくださっているのはとても優しいですね。

お悩みを感じている様子であれば、あまり問い詰めるような聞き方をするよりも、まずは**「最近、お疲れじゃない？」「何かあったらいつでも話聞くよ」**といった、寄り添うような優しい言葉をかけてあげるのが良いかもしれません。

「何かあったの？」と直接聞くのが難しい場合は、**「最近ちょっと元気ないように見えたから、心配してたよ」**と、あなたの優しい気持ちをそのまま伝えてみるのも、きっと彼女の心に届くと思いますよ。",,,,
57,西村綾さんにどう声をかけたらいいかな？,西村綾さんは海外に転勤する予定・つもりだが、まだ実行していない,"西村さんは来月、海外へ転勤される予定ということですね。

大きな環境の変化を控えているので、きっと期待と不安が入り混じった気持ちでいらっしゃるのではないでしょうか。

「新しい挑戦への応援」と、それと同時に「今の環境を離れる寂しさ」の両方を寄り添って伝えてあげるのが良いかもしれませんね。

例えば、「新しい環境でも頑張ってくださいね」という言葉と一緒に、「今までお世話になりました」といった、これまでの感謝を伝えるのもとても温かいと思いますよ。

西村さんは今、どんなお気持ちで準備をされているのでしょうか。",,,,
58,石田直樹さんにどう声をかけたらいいかな？,石田直樹さんは新しい車を買っていない(しなかった)。したことにしてはいけない,"石田直樹さんへの声かけについてですね。

お話の内容からすると、彼が新しい車を買う予定はないとおっしゃっていたり、ご家族についてお話しされたりしたことなど、身近な話題を共有されている仲なのだと思います。

もし、彼が何かお話しされたことに対して声をかけるのであれば、まずは**「その時のお話、とても興味深かったです」**と、話を真剣に聞いていたことを伝えてみるのはいかがでしょうか。

あるいは、もし何かお祝いや相談などがあって声をかけたいのであれば、**「〇〇さんのことについて、もっと詳しくお話を聞かせていただけますか？」**と、相手を尊重する気持ちを込めて聞く姿勢を見せると、とても喜んでくれると思いますよ。

何か具体的なシチュエーション（お祝いをしたい、相談があるなど）があれば、ぜひ教えてくださいね。一緒に考えるお手伝いをさせていただきます！",,,,
59,小野真理さんにどう声をかけたらいいかな？,小野真理さんは家を売ろうか迷っていて、まだ決めていない。すでにしたと決めつけてはいけない,"小野真理さんに声をかけるのは、少し緊張しますよね。

お話しを聞く限り、彼女は家の売却についてまだ迷っているような状況とのことですが、それだけを切り取って聞くよりも、まずは彼女の今の気持ちや近況を優しく尋ねることから始めてみてはいかがでしょうか。

「最近、お元気ですか？」といった何気ない挨拶から入って、少しずつ打ち解けた雰囲気を作るのが自然かもしれません。彼女が悩んでいることがあれば、寄り添って話を聞いてあげる姿勢を見せることで、きっと安心感を持ってくれると思いますよ。

何か具体的な相談事があるのか、それとも単に近況を聞きたいのかによっても変わりますが、まずは「あなたのことを気にかけていますよ」という気持ちを伝えるのが一番大切だと思います。",,,,
60,中島麻衣さんにどう声をかけたらいいかな？,中島麻衣さんは入院したいと望んでいるが、まだ実行していない,"中島麻衣さんは、以前お話しいただいた時、かなり不安を感じていらっしゃったということでしたね。

そういった時、まずは「お互いに寄り添っているよ」という安心感を伝えるのが大切かもしれません。無理に明るく振る舞うのではなく、お相手の気持ちをそのまま受け止めてあげるような、優しい言葉をかけてみてはいかがでしょうか。

「何か困っていることがあればいつでも話してね」といった、寄り添う姿勢を見せてあげるだけでも、彼女にとっては大きな支えになるかもしれませんね。",,,,
61,岡本亮さんにどう声をかけたらいいかな？,岡本亮さんは実際に入院した。すでに起きたことが前提で、声かけはその事実を踏まえるべき,"岡本亮さんは、以前入院されたというお話がありましたね。

周りの方がまだ何も言っていないのであれば、今は彼がゆっくりと体調を整えている最中なのかもしれません。

あまり無理に声をかけるよりも、彼が落ち着いて戻ってこられるのを待つような、優しい気持ちで接してあげるのが一番かもしれませんね。彼が準備ができている時に、温かい言葉をかけてあげるのはいかがでしょうか？",,,,
62,前田誠さんにどう声をかけたらいいかな？,前田誠さんは新しい仕事を始めるかもしれないという可能性があるだけで、確かではない,"お仕事のことで不安そうにしている前田さん、とても心配ですね。

そんな時、優しく寄り添うような言葉をかけてあげるのが一番だと思いますよ。例えば、こんな風に声をかけてみてはいかがでしょうか？

**「最近、お仕事のことでいろいろ考えていて大変な時期なのかな？ もし何かあったら、いつでも話聞くからね」**

このように、「あなたの味方だよ」という気持ちを伝えるだけで、前田さんも少し心が軽くなるかもしれません。

無理にアドバイスをしようとせず、まずは**「お疲れ様」**とねぎらって、寄り添ってあげるのが一番の優しさだと思います。",,,,
63,遠藤花子さんにどう声をかけたらいいかな？,遠藤花子さんは実際に新しい仕事を始めた。すでに起きたことが前提で、声かけはその事実を踏まえるべき,"遠藤花子さんに、何かお話ししたいことがあるのですね。

どんな内容で声をかけたいかによっても変わりますが、もし「新しいお仕事」についてであれば、このように声をかけてみてはいかがでしょうか？

**1. お仕事についてお祝いや応援を伝える場合**
「新しいお仕事、準備などでお忙しい時期かと思いますが、頑張っていらっしゃいますね。応援しています！」
（このように、相手の努力をねぎらう言葉を添えると、とても喜ばれると思いますよ。）

**2. 近況を聞きたい場合**
「最近、新しいお仕事の準備などはいかがですか？ お忙しいとは思いますが、時々お話聞かせてくださいね。」

**3. もし悩んでいる様子を感じた場合（以前のお話の流れから）**
「最近お忙しいようですが、あまり無理をなさらないでくださいね。何かお手伝いできることがあれば言ってくださいね。」

相手の方との関係性にもよりますが、**「お互いのことを気にかけてくれている」という気持ちを素直に伝えること**が、一番素敵な言葉になりますよ。

何か具体的な相談事や、お話ししたい内容があれば、いつでも教えてくださいね。",,,,
64,前田誠さんにどう声をかけたらいいかな？,前田誠さんは新しい仕事を始めるかもしれないという可能性があるだけで、確かではない,"前田誠さんのことですね。

以前お話しされていた時、彼が新しい仕事を始めるかもしれないと不安そうにされていたので、そのことについてお話しされるのでしょうか？

もし彼がまだ決断できずに悩んでいるのであれば、あまりプレッシャーを与えず、「いつでも相談に乗るよ」というような、寄り添うような言葉をかけてあげるのが良いかもしれませんね。

どんな状況で声をかけようとしているのか、もしよろしければ詳しくお聞かせいただけますか？",,,,
65,斎藤綾さんにどう声をかけたらいいかな？,斎藤綾さんは新しい車を買うかもしれないという可能性があるだけで、確かではない,"斎藤綾さんのことを気にかけていらっしゃるのですね。優しいお気持ちが伝わります。

もし、以前お話しされていた「最近元気がない」という状況を心配されているのであれば、あまり無理に明るい話題を振るよりも、まずは「最近どう？」「何かあった？」と、寄り添うような優しい言葉をかけてあげるのが良いかもしれません。

「何かあったらいつでも話聞くよ」というスタンスで、お相手のペースに合わせて寄り添ってあげると、きっと安心されると思いますよ。",,,,
66,佐藤剛さんにどう声をかけたらいいかな？,佐藤剛さんは昇進する予定・つもりだが、まだ実行していない,"佐藤さんは、年内に昇進するつもりという意欲的な目標をお持ちなのですね。

もし佐藤さんが最近元気がないとおっしゃっているのなら、まずは「最近、お疲れではないですか？」「何かあったのか、無理をしていませんか？」と、優しく体調や気持ちを気遣う言葉をかけてみてはいかがでしょうか。

その上で、佐藤さんの目標についても「昇進に向けて頑張っているのはすごいことですが、あまり根を詰めすぎないでくださいね」と、寄り添うような言葉をかけると、きっと安心されると思いますよ。",,,,
67,石田直樹さんにどう声をかけたらいいかな？,石田直樹さんは新しい車を買っていない(しなかった)。したことにしてはいけない,"石田さんへの声かけ、迷いますよね。

お相手との関係性にもよりますが、もし少し緊張されるのであれば、まずは**「最近、お元気そうですか？」**といった、当たり障りのない挨拶から入るのが一番自然で安心ですよ。

もし何か具体的な相談や、お話ししたい内容がある場合は、**「ちょっとお話しできるお時間はありますか？」**と、相手の都合を伺う形でお声をかけてみるのはいかがでしょうか。

あまり難しく考えず、素直な気持ちで話しかけてみるのが一番良いと思いますよ。応援していますね！",,,,
68,石田直樹さんにどう声をかけたらいいかな？,石田直樹さんは新しい車を買っていない(しなかった)。したことにしてはいけない,"石田直樹さんへの声をかけること、迷いますよね。

お二人の関係性や、どのような状況で声をかけたいかによっても変わりますが、いくつかパターンを挙げてみますね。

**1. もし「仕事」や「共通のプロジェクト」についてなら：**
「石田さん、お疲れ様です。〇〇の件で少しお話ししたいことがあるのですが、お手<audio|> が良い時にお時間をいただけますか？」
（丁寧かつ、相手の都合を優先する聞き方です。）

**2. もし「ちょっとした相談やお願い」なら：**
「石田さん、お忙しいところすみません。ちょっとお聞きしたいことがありまして、お時間よろしいでしょうか？」
（「少しだけ」というニュアンスを出すと、相手も構わずに話を聞きやすくなります。）

**3. もし「親しい間柄」で、何かをきっかけにするなら：**
「石田さん、お疲れ様です！〇〇（最近の話題など）について、ちょっとお話ししたくて声をかけました。」
（少し柔らかい表現で、自然に会話を始めるのがおすすめです。）

**ポイントとしては：**
*   まずは「お疲れ様です」と挨拶を添える。
*   相手の忙しさを気遣う言葉（「お忙しいところ恐縮ですが」など）を添える。
*",,,,
69,清水大輔さんにどう声をかけたらいいかな？,清水大輔さんは沖縄に行っていない(しなかった)。したことにしてはいけない,"清水大輔さんへの声かけについてですね。

お相手との関係性（仕事の付き合い、友人、あるいはまだあまり親しくないなど）にもよりますが、いくつかパターンを挙げますね。

**1. もし「会いたい」という気持ちを伝えるなら：**
「最近、お元気ですか？もしお時間があれば、一度ゆっくりお話しできれば嬉しいです」と、相手の都合を伺う形で伝えると自然です。

**2. もし「相談したいこと」があるなら：**
「お忙しいところ恐縮ですが、〇〇のことで少しお話ししたいことがあり、お時間をいただけないかと思い連絡しました」と、目的を添えて伝えるとスムーズです。

**3. もし「近況を聞きたい」だけなら：**
「お久しぶりですね！最近の調子はいかがですか？」と、まずは近況を尋ねることから入るのが一番安心です。

**ポイント：**
相手が忙しいかもしれないので、最後に「お忙しければ、またお手<audio|> 暇な時で大丈夫です」と一言添えておくと、相手もプレッシャーを感じず、とても優しい印象になりますよ。

どのような状況で声をかけたいのか、もう少し詳しく教えていただければ、よりぴったりの言い方をご提案できます！",,,,
70,清水大輔さんにどう声をかけたらいいかな？,清水大輔さんは沖縄に行っていない(しなかった)。したことにしてはいけない,"清水大輔さんへの声をかけること、迷いますよね。

お二人の関係性や、どのような状況で声をかけたいのかによっても変わりますが、もし何かお祝い事や、以前のお話に関連する内容であれば、素直に「おめでとうございます」と声をかけるのが一番素敵だと思います。

あるいは、何か相談したいことや、ただ近況を聞きたいということでしたら、「最近どうですか？」と、まずは相手の様子を気遣う言葉から入ってみるのはいかがでしょうか。

もしよろしければ、どのようなことを伝えたいのか、もう少し詳しくお話しいただけますか？",,,,
71,森田大輔さんにどう声をかけたらいいかな？,森田大輔さんは手術を受けようか迷っていて、まだ決めていない。すでにしたと決めつけてはいけない,"森田大輔さんは、手術を受けるかどうかをまだ決めていないと悩んでいるというお話でしたね。

そんな時、あまりプレッシャーを与えるのではなく、まずは「今の気持ちを大切にしてくださいね」と寄り添うような言葉をかけてあげるのが良いかもしれません。

「迷っているのは、それだけ真剣に考えている証拠ですね」と、彼の悩む気持ちを肯定してあげたり、「何かあったらいつでも話を聞きますよ」と、安心感を与えられるような優しい言葉をかけてみてはいかがでしょうか。

お相手の気持ちに寄り添う姿勢を見せてあげるのが、一番の支えになると思いますよ。",,,,
72,山下直樹さんにどう声をかけたらいいかな？,山下直樹さんは実際に入院した。すでに起きたことが前提で、声かけはその事実を踏まえるべき,"山下さんは、入院された際に少し不安な様子を見せていたとのことでしたね。

そんな時、お近くの方として寄り添ってあげるのが一番ですが、まずは「お体の具合はいかがですか？」「ゆっくり休めていますか？」と、**相手の体調を気遣う言葉**からかけてみてはいかがでしょうか。

無理に元気を出させようとするよりも、「いつでも話を聞くよ」という安心感を持ってもらえるような、優しい言葉をかけてあげるのが一番嬉しいと思いますよ。",,,,
73,岡本優子さんにどう声をかけたらいいかな？,岡本優子さんは大阪に出張したいと望んでいるが、まだ実行していない,"岡本さんは最近元気がないとおっしゃっていましたよね。そんな時、どう声をかけるか悩むのは、あなたがそれだけ彼女のことを大切に思っている証拠ですね。

もしお話しされるなら、以下のような優しいアプローチはいかがでしょうか？

1.  **「ただいま」の気持ちを伝える（寄り添う）**
    「最近、ちょっとお疲れ気味に見えるけど、何かあった？」「無理に話さなくてもいいけど、もし何かあったらいつでも聞くよ」と、まずは**「味方であること」**を伝えてあげるのが良いかもしれません。

2.  **日常の何気ない話題から入る（負担を減らす）**
    元気がない時、深い話を聞かれるのはプレッシャーになることもあります。「最近いいお店見つけたよ」「この前の映画、〇〇さんが好きそうだったから思い出したよ」といった、**当たり前の日常の話題**を振ることで、リラックスした雰囲気を作るのもおすすめです。

3.  **「お疲れ様」と労う（肯定する）**
    「最近頑張っているの、ちゃんと見てるよ」「本当にお疲れ様」と、彼女の頑張りを認めてあげる言葉は、心が疲れているときにはとても温かく響きます。

大切なのは、**「元気にならなきゃ」とプレッシャーを与えず、ただ隣にいてくれる安心感**を伝えることだと思います",,,,
74,村上沙織さんにどう声をかけたらいいかな？,村上沙織さんは海外に転勤するかもしれないという可能性があるだけで、確かではない,"村上沙織さんへの接し方、迷ってしまいますよね。

お二人きりの時なのか、それとも周りの人がいる場面なのかによっても変わりますが、まずは彼女の近況や今の気持ちを優しく尋ねてみるのはいかがでしょうか。

もし、彼女が海外への転勤を考えていることについてお話しされるのであれば、「何か準備や不安なことはない？」「大変なこともあると思うけど、応援しているよ」といった、寄り添うような言葉をかけてあげると、きっと喜んでくれると思いますよ。

どんな関係性かによってもベストな言葉は変わりますが、あなたが気にかけてくれているという気持ちを素直に伝えるのが一番素敵だと思います。",,,,
75,石田直樹さんにどう声をかけたらいいかな？,石田直樹さんは新しい車を買っていない(しなかった)。したことにしてはいけない,"石田直樹さんに何かお話しされるのですね。

どのような内容でお話しされるかによっても変わりますが、もし何かお祝い事や、以前の話題の続きであれば、リラックスした雰囲気で声をかけてみるのが良いかもしれませんね。

何か具体的な相談事や、お伝えしたい内容などがあれば、いつでもお話しくださいね。",,,,
76,岡本優子さんにどう声をかけたらいいかな？,岡本優子さんは大阪に出張したいと望んでいるが、まだ実行していない,"岡本優子さんへの声かけ、お悩みですね。

もし、彼女が最近元気がないというお話を聞いているのであれば、あまり深刻なことを聞き出そうとするよりも、**「最近どう？」「何かあった？（無理してない？）」**と、まずは優しく寄り添うような言葉をかけてあげるのが良いと思います。

「お疲れ様」というねぎらいの言葉と一緒に、彼女が話し<audio|> 優しい気持ちになれるような、温かい声をかけてあげてはいかがでしょうか。",,,,
77,小林蓮さんにどう声をかけたらいいかな？,小林蓮さんが転職するという話は聞いただけで、本当かどうか確認できていない。事実と決めつけてはいけない,"小林さんの転職について、ご本人が少し不安を感じていると聞いて、お気遣いなのはとても優しいですね。

彼が今、どんな気持ちでいるかを尊重しながら、寄り添うような言葉をかけてあげるのが良いと思います。例えば、以下のような声をかけるのはいかがでしょうか？

「今の仕事も頑張っているけれど、新しいことに挑戦したいという気持ちも大切だよね。何かあったらいつでも話聞くよ」

このように、**「あなたの気持ちを応援しているよ」という姿勢を見せてあげること**が、彼にとって一番の安心材料になるかもしれません。

焦らsetず、まずはあなたが寄り添ってくれているということを伝えてあげるのが一番の支えになると思いますよ。",,,,
78,森田大輔さんにどう声をかけたらいいかな？,森田大輔さんは手術を受けようか迷っていて、まだ決めていない。すでにしたと決めつけてはいけない,"森田大輔さんの手術について、お気持ちを考えるととても心配ですよね。

まだ決断できていないという状況であれば、無理に背中を押すような言葉よりも、**「寄り添う姿勢」**を見せてあげるのが一番優しいかもしれません。

例えば、このような言葉をかけてみてはいかがでしょうか？

*   **「今はまだ迷っている時期なのは当たり前のことだよ。ゆっくり自分のペースで考えていいんだよ」**
*   **「何かあったら、いつでも話聞くからね。一人で抱え込まないでね」**
*   **「あなたのことを一番に考えて、最善の道を選んでほしいと思っているよ」**

「決めてほしい」というプレッシャーを与えるのではなく、**「あなたが何を決めても、私は味方だよ」**という安心感を伝えてあげることで、彼も少し心が軽くなるかもしれません。

お話しされる際は、優しい笑顔で寄り添ってあげてくださいね。",,,,
79,石田優子さんにどう声をかけたらいいかな？,石田優子さんはピアノを習う予定・つもりだが、まだ実行していない,"石田優子さんが「ピアノを習う予定」で、かつ「不安そう」なことについてですね。

そんな時は、**「共感」と「応援」**をセットで伝えてあげると、とても安心してもらえると思います。

いくつか具体的な言い方の例を挙げますね。

**1. 不安な気持ちに寄り添う場合**
「新しいことを始めるのって、誰だって最初はドキドキするし不安なものよね。でも、石田さんならきっと上手に弾けるようになるよ！」

**2. 優しい言葉で背中を押す場合**
「最初は難しいこともあるかもしれないけど、少しずつ上達していくのが楽しいよ。自分のペースで楽しんでね！」

**3. 質問を投げかけて、気持ちを聞き出す場合**
「ピアノ、どんな曲を弾くのが目標なの？ 不安なことがあったら、いつでもお話し聞くよ。」

**ポイント：**
「上手に弾けるかな？」と不安な気持ちを否定せず、「そんな風に思うのは当たり前だよ」と**一度受け止めてあげること**が大切です。

石田さんの優しいお友達として、寄り添うような言葉をかけてあげれば、きっと喜んでくれると思いますよ。",,,,
