id,cond,sid
0,T0_plain,12
1,D_c16,14
2,B_c24,3
3,B_c16,13
4,T0_plain,1
5,B_c16,4
6,B_c16,6
7,D_c16,12
8,D_c16,18
9,B_c24,13
10,B_c24,7
11,D_c16,6
12,P2_recent_then_block_c16,13
13,D_c16,0
14,A_base,16
15,B_c24,14
16,B_c16,11
17,B_c16,12
18,D_c16,8
19,D_c16,4
20,P2_recent_then_block_c16,0
21,B_c24,18
22,D_c24,9
23,A_base,1
24,T0_plain,2
25,B_c24,9
26,B_c24,10
27,P2_recent_then_block_c16,20
28,A_base,11
29,P2_recent_then_block_c16,12
30,A_base,0
31,T0_plain,15
32,D_c16,10
33,D_c24,1
34,D_c24,8
35,A_base,19
36,A_base,3
37,B_c16,20
38,B_c16,9
39,D_c24,5
40,D_c24,7
41,T0_plain,20
42,B_c16,8
43,P2_recent_then_block_c16,2
44,D_c16,16
45,D_c16,5
46,P2_recent_then_block_c16,8
47,B_c24,2
48,P2_recent_then_block_c16,4
49,A_base,20
50,D_c24,10
51,P2_recent_then_block_c16,18
52,B_c16,14
53,B_c24,20
54,A_base,4
55,B_c24,0
56,A_base,2
57,D_c16,2
58,D_c24,15
59,D_c16,11
60,T0_plain,3
61,D_c16,7
62,B_c24,6
63,B_c16,0
64,P2_recent_then_block_c16,6
65,D_c16,20
66,P2_recent_then_block_c16,9
67,B_c16,15
68,B_c24,15
69,B_c24,1
70,D_c16,1
71,T0_plain,4
72,T0_plain,14
73,A_base,10
74,T0_plain,13
75,D_c16,15
76,B_c16,10
77,P2_recent_then_block_c16,19
78,B_c24,4
79,B_c24,16
