cond,sem_diff,nat_diff,nat_p,contam_diff,polite_diff,token_ratio,meets_criteria
B_c2,0.114,-0.057,0.4924,0.0,0.008,0.967,False
B_c4,-0.029,-0.057,0.6259,-0.029,0.006,0.936,True
B_c6,0.143,0.0,1.0,-0.057,-0.014,0.914,True
B_c7,0.057,0.0,1.0,0.0,-0.051,0.897,True
B_c8,0.114,0.0,1.0,-0.029,-0.009,0.891,True
T0_plain,0.143,0.029,1.0,-0.086,0.151,1.115,False
D_c2,0.171,0.057,0.4924,-0.2,0.182,1.1,False
D_c4,0.143,0.029,1.0,-0.2,0.164,1.07,False
D_c6,0.057,0.0,1.0,-0.143,0.159,1.047,False
D_c7,0.086,0.029,1.0,-0.114,0.194,1.032,False
D_c8,-0.029,0.029,1.0,-0.086,0.107,1.024,False
D0_noinstr_c6,0.0,0.029,1.0,-0.114,0.173,0.984,False
P2_recent_then_block_c6,0.143,0.0,1.0,-0.171,0.1,1.047,False
P3_block_persona_c6,0.143,0.057,0.4924,-0.171,0.2,1.155,False
