model,group,cond,form,ctx_tokens,token_ratio,status_acc,time_acc,cold_ttft,warm_s
google_gemma-4-12b,ablation300,L0,NF,5684,1.0,0.8,0.95,59.2,2.55
google_gemma-4-12b,ablation300,no-filler,SCF,5041,0.887,0.8,1.0,52.0,3.84
google_gemma-4-12b,ablation300,no-polite,SCF,5654,0.995,0.8333,0.9,60.9,2.46
google_gemma-4-12b,ablation300,no-particle,SCF,5445,0.958,0.8,0.95,56.8,2.83
google_gemma-4-12b,ablation300,state-normalized,SCF,5684,1.0,0.8,0.95,58.3,2.53
google_gemma-4-12b,ablation300,no-chitchat(oracle),SCF,5024,0.884,0.8,0.95,49.9,3.55
google_gemma-4-12b,ablation300,surface-stripped,SCF,4751,0.836,0.85,0.85,46.9,3.23
google_gemma-4-12b,ablation300,surface-stripped+state,SCF,4751,0.836,0.8833,0.9,46.7,3.22
google_gemma-4-12b,ablation300,content-only,SCF,4427,0.779,0.55,0.95,43.2,2.56
google_gemma-4-12b,ablation300,sudachi-m,SCF,5020,0.883,0.8,0.85,49.8,3.55
google_gemma-4-12b,ablation300,sudachi-g,SCF,4004,0.704,0.8,0.8,39.3,3.29
google_gemma-4-12b,ablation300,naive,SCF,3233,0.569,0.35,0.75,32.7,3.49
google_gemma-4-12b,ablation300,m+case-particles,SCF,5567,0.979,0.8,0.9,59.2,4.82
google_gemma-4-12b,ablation300,m+connectors,SCF,5172,0.91,0.8167,0.8,55.3,2.5
google_gemma-4-12b,ablation300,m+conjugation,SCF,4944,0.87,0.8667,0.95,49.3,2.59
google_gemma-4-12b,ablation300,m+polite,SCF,5181,0.912,0.8167,0.9,51.9,2.58
google_gemma-4-12b,ablation300,m+filler,SCF,5361,0.943,0.75,0.85,53.5,1.68
google_gemma-4-12b,ablation300,m-sentence-sep,SCF,4823,0.849,0.8333,0.95,47.4,4.12
google_gemma-4-12b,ablation300,m-negation,SCF,4882,0.859,0.7333,0.8,48.0,2.12
google_gemma-4-12b,ablation300,m-tense,SCF,4792,0.843,0.7833,1.0,47.8,3.78
google_gemma-4-12b,ablation300,m-desire,SCF,4986,0.877,0.8333,0.85,49.6,3.18
google_gemma-4-12b,ablation300,m-volition,SCF,5004,0.88,0.8333,0.9,49.5,3.25
google_gemma-4-12b,ablation300,m-uncertainty(かも),SCF,4932,0.868,0.6833,0.9,49.0,2.82
google_gemma-4-12b,ablation300,m-evidential(らしい/みたい),SCF,4931,0.868,0.85,0.95,52.2,2.79
google_gemma-4-12b,ablation300,m-word-order-rev,SCF,5017,0.883,0.2667,0.15,50.4,3.47
google_gemma-4-12b,ablation300,m-word-order-shuffle,SCF,5002,0.88,0.4667,0.45,49.6,3.22
google_gemma-4-12b,ablation300,m-subject(control),SCF,3639,0.64,0.3667,0.3,37.3,2.45
google_gemma-4-12b,ablation300,ginza-d,SCF,5883,1.035,0.8,0.8,59.1,1.86
google_gemma-4-12b,taw300,L0,NF,5684,1.0,0.8,0.9,57.4,2.86
google_gemma-4-12b,taw300,sudachi-m,SCF,5020,0.883,0.9,0.8,57.7,4.5
google_gemma-4-12b,taw300,sudachi-g,SCF,4004,0.704,0.75,0.8,43.9,3.43
google_gemma-4-12b,taw300,taw[own:gemma2]-best_readable,SCF,4902,0.862,0.7,0.85,50.9,2.33
google_gemma-4-12b,taw300,taw[own:gemma2]-best,SCF,3806,0.67,0.8333,0.95,40.7,1.64
google_gemma-4-12b,taw300,taw[foreign:qwen3]-best_readable,SCF,6043,1.063,0.8,0.85,62.1,3.43
google_gemma-4-12b,taw300,taw[foreign:qwen3]-best,SCF,3806,0.67,0.8,0.95,41.0,1.61
google_gemma-4-12b,tm100,L0@100,NF,1907,1.0,0.9,1.0,18.7,2.79
google_gemma-4-12b,tm100,m@100,SCF,1689,0.886,0.9167,0.8182,18.3,3.65
google_gemma-4-12b,tm100,L0-tm@89,NF,1713,0.898,0.9,1.0,18.9,3.56
google_gemma-4-12b,tm100,m-tm@112,SCF,1870,0.981,0.9333,0.8182,20.9,2.58
google_gemma-4-12b,tm300,L0@300,NF,5684,1.0,0.775,1.0,60.9,2.53
google_gemma-4-12b,tm300,m@300,SCF,5020,0.883,0.7833,0.85,52.2,3.58
google_gemma-4-12b,tm300,L0-tm@267,NF,5070,0.892,0.7667,0.95,52.1,3.95
google_gemma-4-12b,tm300,m-tm@337,SCF,5633,0.991,0.7833,0.95,58.9,2.06
google_gemma-4-12b,tm600,L0@600,NF,11360,1.0,0.675,0.9,123.6,3.3
google_gemma-4-12b,tm600,m@600,SCF,10099,0.889,0.75,0.775,110.1,3.28
google_gemma-4-12b,tm600,L0-tm@534,NF,10158,0.894,0.7083,0.9,114.3,3.77
google_gemma-4-12b,tm600,m-tm@674,SCF,11309,0.996,0.7083,0.8,124.2,2.55
qwen_qwen3-8b,taw100,L0,NF,2018,1.0,0.65,0.5455,13.2,1.32
qwen_qwen3-8b,taw100,sudachi-m,SCF,2533,1.255,0.6,0.7273,15.8,1.36
qwen_qwen3-8b,taw100,sudachi-g,SCF,1523,0.755,0.55,0.8182,10.0,1.28
qwen_qwen3-8b,taw100,taw[own:qwen3]-best_readable,SCF,2187,1.084,0.55,0.7273,13.7,1.34
qwen_qwen3-8b,taw100,taw[own:qwen3]-best,SCF,1453,0.72,0.5833,0.7273,9.4,1.27
qwen_qwen3-8b,taw100,taw[foreign:gemma2]-best_readable,SCF,2303,1.141,0.5667,0.5455,14.5,1.34
qwen_qwen3-8b,taw100,taw[foreign:gemma2]-best,SCF,1453,0.72,0.5667,0.7273,9.4,1.27
qwen_qwen3-8b,tm100,L0@100,NF,2019,1.0,0.5667,0.5455,12.8,1.31
qwen_qwen3-8b,tm100,m@100,SCF,2532,1.254,0.5667,0.7273,15.8,1.36
qwen_qwen3-8b,tm100,L0-tm@121,NF,2422,1.2,0.5667,0.5455,15.3,1.34
qwen_qwen3-8b,tm100,m-tm@82,SCF,2112,1.046,0.5333,0.8182,13.4,1.33
