model,length,seed,kind,variant,ops,acc,n,ctx_tokens,tok_per_fact,d_tok_vs_L1,d_acc_vs_L1,p_vs_L1,cold_ttft,prefill_tps
google/gemma-4-12b,2000,1,anchor,L0,自然日本語,1.0,48,1899,14.172,1.2005,0.0,1.0,21.39,94.7
google/gemma-4-12b,2000,1,anchor,L1,日本語要約(基準),1.0,48,863,6.44,0.0,0.0,,10.22,96.8
google/gemma-4-12b,8000,1,anchor,L0,自然日本語,0.9583,48,6794,14.154,1.2023,-0.0208,1.0,67.05,103.2
google/gemma-4-12b,8000,1,anchor,L1,日本語要約(基準),0.9792,48,3085,6.427,0.0,0.0,,31.87,100.7
google/gemma-4-12b,8000,1,anchor,L5,機械漢文,1.0,48,3135,6.531,0.0162,0.0208,1.0,32.02,101.9
google/gemma-4-12b,8000,1,single,ab=particle,助詞削除,1.0,48,2791,5.815,-0.0953,0.0208,1.0,28.34,102.9
google/gemma-4-12b,8000,1,single,ab=kanji,漢字置換,1.0,48,3112,6.483,0.0088,0.0208,1.0,31.19,103.8
google/gemma-4-12b,8000,1,single,ab=subj,主語反復(逆アブレーション),0.9583,48,5384,11.217,0.7452,-0.0208,1.0,53.96,102.1
google/gemma-4-12b,8000,1,single,ab=attr,属性→key:value,0.9792,48,3125,6.51,0.013,0.0,1.0,31.31,103.9
google/gemma-4-12b,8000,1,single,ab=tense,時制→過今将,0.9792,48,3073,6.402,-0.0039,0.0,1.0,30.5,104.9
google/gemma-4-12b,8000,1,single,ab=simple,平叙→漢字核,1.0,48,3082,6.421,-0.001,0.0208,1.0,30.84,104.1
google/gemma-4-12b,8000,1,single,ab=neg,否定→不無未非禁,1.0,48,2995,6.24,-0.0292,0.0208,1.0,30.11,103.7
google/gemma-4-12b,8000,1,single,ab=unc,不確実→疑:,1.0,48,2979,6.206,-0.0344,0.0208,1.0,29.79,104.2
google/gemma-4-12b,8000,1,single,ab=cond,条件→若/?,0.9583,48,3083,6.423,-0.0006,-0.0208,1.0,30.84,104.1
google/gemma-4-12b,8000,1,single,ab=cause,因果→故,0.9583,48,3100,6.458,0.0049,-0.0208,1.0,31.14,103.6
google/gemma-4-12b,8000,1,single,ab=cmp,比較→A>B,0.9792,48,3087,6.431,0.0006,0.0,1.0,30.88,104.1
google/gemma-4-12b,8000,1,single,ab=struct,group{}構造化,1.0,48,3291,6.856,0.0668,0.0208,1.0,32.85,104.1
google/gemma-4-12b,8000,1,single,ab=simple+neg+order,平叙→漢字核+否定→不無未非禁+関係先頭の語順,1.0,48,3110,6.479,0.0081,0.0208,1.0,31.23,103.6
google/gemma-4-12b,8000,1,ladder,abL=particle+kanji,累積2段: +漢字置換,1.0,48,2798,5.829,-0.093,0.0208,1.0,27.97,104.6
google/gemma-4-12b,8000,1,ladder,abL=particle+kanji+attr+tense,累積4段: +時制→過今将,1.0,48,2926,6.096,-0.0515,0.0208,1.0,29.09,104.9
google/gemma-4-12b,8000,1,ladder,abL=particle+kanji+attr+tense+simple+neg+unc,累積7段: +不確実→疑:,1.0,48,2832,5.9,-0.082,0.0208,1.0,29.2,101.3
google/gemma-4-12b,8000,1,ladder,abL=particle+kanji+attr+tense+simple+neg+unc+cond+cause+cmp,累積10段: +比較→A>B,1.0,48,2929,6.102,-0.0506,0.0208,1.0,29.78,102.5
google/gemma-4-12b,8000,1,ladder,abL=particle+kanji+attr+tense+simple+neg+unc+cond+cause+cmp+struct,累積11段: +group{}構造化,1.0,48,3135,6.531,0.0162,0.0208,1.0,31.79,102.6
google/gemma-4-12b,8000,1,ladder,abL=particle+kanji+attr+tense+simple+neg+unc+cond+cause+cmp+struct+order,累積12段: +関係先頭の語順,1.0,48,3275,6.823,0.0616,0.0208,1.0,35.02,97.2
qwen/qwen3-8b,2000,1,anchor,L0,自然日本語,0.9792,48,2034,15.179,1.0179,0.0625,0.25,12.48,174.1
qwen/qwen3-8b,2000,1,anchor,L1,日本語要約(基準),0.9167,48,1008,7.522,0.0,0.0,,6.55,174.9
qwen/qwen3-8b,2000,1,anchor,L5,機械漢文,0.9375,48,954,7.119,-0.0536,0.0208,1.0,8.57,127.5
qwen/qwen3-8b,2000,1,single,ab=particle,助詞削除,0.9167,48,914,6.821,-0.0933,0.0,1.0,7.85,134.3
qwen/qwen3-8b,2000,1,single,ab=kanji,漢字置換,0.9375,48,1013,7.56,0.005,0.0208,1.0,8.53,135.1
qwen/qwen3-8b,2000,1,single,ab=subj,主語反復(逆アブレーション),0.9375,48,1728,12.896,0.7143,0.0208,1.0,12.84,145.3
qwen/qwen3-8b,2000,1,single,ab=attr,属性→key:value,0.9167,48,1003,7.485,-0.005,0.0,1.0,8.9,128.4
qwen/qwen3-8b,2000,1,single,ab=tense,時制→過今将,0.8958,48,978,7.299,-0.0298,-0.0208,1.0,8.13,137.0
qwen/qwen3-8b,2000,1,single,ab=simple,平叙→漢字核,0.9167,48,1004,7.493,-0.004,0.0,1.0,6.54,174.8
qwen/qwen3-8b,2000,1,single,ab=neg,否定→不無未非禁,0.9167,48,980,7.313,-0.0278,0.0,1.0,6.54,171.0
qwen/qwen3-8b,2000,1,single,ab=unc,不確実→疑:,0.9375,48,966,7.209,-0.0417,0.0208,1.0,6.35,174.1
qwen/qwen3-8b,2000,1,single,ab=cond,条件→若/?,0.9375,48,1001,7.47,-0.0069,0.0208,1.0,6.53,174.5
qwen/qwen3-8b,2000,1,single,ab=cause,因果→故,0.9167,48,1011,7.545,0.003,0.0,1.0,6.7,171.4
qwen/qwen3-8b,2000,1,single,ab=cmp,比較→A>B,0.9167,48,1006,7.507,-0.002,0.0,1.0,6.54,175.1
qwen/qwen3-8b,2000,1,single,ab=struct,group{}構造化,0.9167,48,1065,7.948,0.0565,0.0,1.0,6.91,174.2
qwen/qwen3-8b,2000,1,single,ab=simple+neg+order,平叙→漢字核+否定→不無未非禁+関係先頭の語順,0.875,48,1008,7.522,0.0,-0.0417,0.625,6.53,175.7
qwen/qwen3-8b,2000,1,ladder,abL=particle+kanji,累積2段: +漢字置換,0.8958,48,919,6.858,-0.0883,-0.0208,1.0,6.16,171.6
qwen/qwen3-8b,2000,1,ladder,abL=particle+kanji+attr,累積3段: +属性→key:value,0.9167,48,934,6.97,-0.0734,0.0,1.0,6.16,173.9
qwen/qwen3-8b,2000,1,ladder,abL=particle+kanji+attr+tense,累積4段: +時制→過今将,0.8958,48,916,6.836,-0.0913,-0.0208,1.0,6.17,171.2
qwen/qwen3-8b,2000,1,ladder,abL=particle+kanji+attr+tense+simple,累積5段: +平叙→漢字核,0.8958,48,914,6.821,-0.0933,-0.0208,1.0,5.99,175.6
qwen/qwen3-8b,2000,1,ladder,abL=particle+kanji+attr+tense+simple+neg,累積6段: +否定→不無未非禁,0.875,48,907,6.769,-0.1002,-0.0417,0.625,5.98,174.6
qwen/qwen3-8b,2000,1,ladder,abL=particle+kanji+attr+tense+simple+neg+unc,累積7段: +不確実→疑:,0.8542,48,874,6.522,-0.1329,-0.0625,0.25,5.81,174.3
qwen/qwen3-8b,2000,1,ladder,abL=particle+kanji+attr+tense+simple+neg+unc+cond,累積8段: +条件→若/?,0.875,48,870,6.493,-0.1369,-0.0417,0.5,5.81,173.6
qwen/qwen3-8b,2000,1,ladder,abL=particle+kanji+attr+tense+simple+neg+unc+cond+cause,累積9段: +因果→故,0.875,48,885,6.604,-0.122,-0.0417,0.5,5.99,171.1
qwen/qwen3-8b,2000,1,ladder,abL=particle+kanji+attr+tense+simple+neg+unc+cond+cause+cmp,累積10段: +比較→A>B,0.9583,48,893,6.664,-0.1141,0.0417,0.5,6.2,166.7
qwen/qwen3-8b,2000,1,ladder,abL=particle+kanji+attr+tense+simple+neg+unc+cond+cause+cmp+struct,累積11段: +group{}構造化,0.9375,48,954,7.119,-0.0536,0.0208,1.0,6.56,166.5
qwen/qwen3-8b,2000,1,ladder,abL=particle+kanji+attr+tense+simple+neg+unc+cond+cause+cmp+struct+order,累積12段: +関係先頭の語順,0.8958,48,993,7.41,-0.0149,-0.0208,1.0,6.75,167.6
qwen/qwen3-8b,2000,2,anchor,L0,自然日本語,0.9375,48,2012,15.015,1.002,0.0625,0.5078,12.85,167.5
qwen/qwen3-8b,2000,2,anchor,L1,日本語要約(基準),0.875,48,1005,7.5,0.0,0.0,,6.78,169.1
qwen/qwen3-8b,2000,2,anchor,L5,機械漢文,0.8958,48,951,7.097,-0.0537,0.0208,1.0,6.56,166.1
qwen/qwen3-8b,2000,2,single,ab=particle,助詞削除,0.9167,48,912,6.806,-0.0925,0.0417,0.5,6.2,169.7
qwen/qwen3-8b,2000,2,single,ab=kanji,漢字置換,0.875,48,1009,7.53,0.004,0.0,1.0,6.73,170.7
qwen/qwen3-8b,2000,2,single,ab=subj,主語反復(逆アブレーション),0.8958,48,1705,12.724,0.6965,0.0208,1.0,10.93,168.8
qwen/qwen3-8b,2000,2,single,ab=attr,属性→key:value,0.8958,48,1000,7.463,-0.005,0.0208,1.0,6.76,168.5
qwen/qwen3-8b,2000,2,single,ab=tense,時制→過今将,0.875,48,975,7.276,-0.0299,0.0,1.0,6.56,169.4
qwen/qwen3-8b,2000,2,single,ab=simple,平叙→漢字核,0.8542,48,997,7.44,-0.008,-0.0208,1.0,6.76,168.1
qwen/qwen3-8b,2000,2,single,ab=neg,否定→不無未非禁,0.8958,48,981,7.321,-0.0239,0.0208,1.0,6.76,166.0
qwen/qwen3-8b,2000,2,single,ab=unc,不確実→疑:,0.8958,48,963,7.187,-0.0418,0.0208,1.0,6.55,168.3
qwen/qwen3-8b,2000,2,single,ab=cond,条件→若/?,0.875,48,998,7.448,-0.007,0.0,1.0,6.75,168.7
qwen/qwen3-8b,2000,2,single,ab=cause,因果→故,0.875,48,1009,7.53,0.004,0.0,1.0,6.74,170.1
qwen/qwen3-8b,2000,2,single,ab=cmp,比較→A>B,0.875,48,1002,7.478,-0.003,0.0,1.0,6.75,169.3
qwen/qwen3-8b,2000,2,single,ab=struct,group{}構造化,0.8958,48,1062,7.925,0.0567,0.0208,1.0,7.13,168.5
qwen/qwen3-8b,2000,2,single,ab=simple+neg+order,平叙→漢字核+否定→不無未非禁+関係先頭の語順,0.8542,48,1006,7.507,0.001,-0.0208,1.0,6.76,169.7
qwen/qwen3-8b,2000,2,ladder,abL=particle+kanji,累積2段: +漢字置換,0.8542,48,916,6.836,-0.0886,-0.0208,1.0,6.37,165.6
qwen/qwen3-8b,2000,2,ladder,abL=particle+kanji+attr,累積3段: +属性→key:value,0.875,48,931,6.948,-0.0736,0.0,1.0,6.38,168.0
qwen/qwen3-8b,2000,2,ladder,abL=particle+kanji+attr+tense,累積4段: +時制→過今将,0.8958,48,913,6.813,-0.0915,0.0208,1.0,6.18,170.4
qwen/qwen3-8b,2000,2,ladder,abL=particle+kanji+attr+tense+simple,累積5段: +平叙→漢字核,0.875,48,910,6.791,-0.0945,0.0,1.0,6.18,170.0
qwen/qwen3-8b,2000,2,ladder,abL=particle+kanji+attr+tense+simple+neg,累積6段: +否定→不無未非禁,0.8958,48,905,6.754,-0.0995,0.0208,1.0,6.2,168.4
qwen/qwen3-8b,2000,2,ladder,abL=particle+kanji+attr+tense+simple+neg+unc,累積7段: +不確実→疑:,0.875,48,872,6.507,-0.1323,0.0,1.0,6.0,168.8
qwen/qwen3-8b,2000,2,ladder,abL=particle+kanji+attr+tense+simple+neg+unc+cond,累積8段: +条件→若/?,0.875,48,869,6.485,-0.1353,0.0,1.0,7.78,129.6
qwen/qwen3-8b,2000,2,ladder,abL=particle+kanji+attr+tense+simple+neg+unc+cond+cause,累積9段: +因果→故,0.9167,48,885,6.604,-0.1194,0.0417,0.7539,7.8,131.2
qwen/qwen3-8b,2000,2,ladder,abL=particle+kanji+attr+tense+simple+neg+unc+cond+cause+cmp,累積10段: +比較→A>B,0.9167,48,890,6.642,-0.1144,0.0417,0.7266,7.63,134.9
qwen/qwen3-8b,2000,2,ladder,abL=particle+kanji+attr+tense+simple+neg+unc+cond+cause+cmp+struct,累積11段: +group{}構造化,0.9167,48,951,7.097,-0.0537,0.0417,0.7539,6.33,172.4
qwen/qwen3-8b,2000,2,ladder,abL=particle+kanji+attr+tense+simple+neg+unc+cond+cause+cmp+struct+order,累積12段: +関係先頭の語順,0.8958,48,991,7.396,-0.0139,0.0208,1.0,6.51,173.9
