acc,cold_ttft,cond,ctx_tokens,cv,kind,lang,legend_tokens,length,model,n
,,IRC,,0.0102,token_cv,,,2000,google/gemma-4-12b,
,,IRL,,0.0964,token_cv,,,2000,google/gemma-4-12b,
,,IRID,,0.0292,token_cv,,,2000,google/gemma-4-12b,
,,IRC,,0.0109,token_cv,,,8000,google/gemma-4-12b,
,,IRL,,0.0977,token_cv,,,8000,google/gemma-4-12b,
,,IRID,,0.0319,token_cv,,,8000,google/gemma-4-12b,
,,IRC,,0.0105,token_cv,,,16000,google/gemma-4-12b,
,,IRL,,0.0972,token_cv,,,16000,google/gemma-4-12b,
,,IRID,,0.0315,token_cv,,,16000,google/gemma-4-12b,
,,IRC,,0.0106,token_cv,,,32000,google/gemma-4-12b,
,,IRL,,0.0959,token_cv,,,32000,google/gemma-4-12b,
,,IRID,,0.034,token_cv,,,32000,google/gemma-4-12b,
,,IRC,,0.0077,token_cv,,,2000,qwen/qwen3-8b,
,,IRL,,0.1019,token_cv,,,2000,qwen/qwen3-8b,
,,IRID,,0.0342,token_cv,,,2000,qwen/qwen3-8b,
1.0,10.67,IRC,879,,cell,JA,0,2000,google/gemma-4-12b,48
0.9583,9.72,IRC,888,,cell,EN,0,2000,google/gemma-4-12b,48
0.9792,10.24,IRC,901,,cell,KO,0,2000,google/gemma-4-12b,48
1.0,10.67,IRL,879,,cell,JA,0,2000,google/gemma-4-12b,48
0.9375,10.58,IRL,957,,cell,EN,0,2000,google/gemma-4-12b,48
0.9583,12.63,IRL,1107,,cell,KO,0,2000,google/gemma-4-12b,48
0.6042,12.44,IRID,1093,,cell,JA,0,2000,google/gemma-4-12b,48
0.6458,12.75,IRID,1137,,cell,EN,0,2000,google/gemma-4-12b,48
0.5625,12.96,IRID,1174,,cell,KO,0,2000,google/gemma-4-12b,48
0.875,12.43,IRIDL,1093,,cell,JA,215,2000,google/gemma-4-12b,48
0.9583,13.38,IRIDL,1137,,cell,EN,226,2000,google/gemma-4-12b,48
0.9167,13.52,IRIDL,1174,,cell,KO,255,2000,google/gemma-4-12b,48
1.0,31.65,IRC,3135,,cell,JA,0,8000,google/gemma-4-12b,48
0.9792,32.99,IRC,3170,,cell,EN,0,8000,google/gemma-4-12b,48
0.9583,34.72,IRC,3219,,cell,KO,0,8000,google/gemma-4-12b,48
1.0,31.65,IRL,3135,,cell,JA,0,8000,google/gemma-4-12b,48
0.9167,35.28,IRL,3442,,cell,EN,0,8000,google/gemma-4-12b,48
0.8958,40.79,IRL,3967,,cell,KO,0,8000,google/gemma-4-12b,48
0.6458,40.71,IRID,3910,,cell,JA,0,8000,google/gemma-4-12b,48
0.6875,42.16,IRID,4085,,cell,EN,0,8000,google/gemma-4-12b,48
0.5833,48.48,IRID,4228,,cell,KO,0,8000,google/gemma-4-12b,48
0.7917,49.52,IRIDL,3910,,cell,JA,215,8000,google/gemma-4-12b,48
0.8333,40.22,IRIDL,4085,,cell,EN,224,8000,google/gemma-4-12b,48
0.7083,42.24,IRIDL,4228,,cell,KO,255,8000,google/gemma-4-12b,48
0.9583,62.21,IRC,6277,,cell,JA,0,16000,google/gemma-4-12b,48
0.8958,62.41,IRC,6351,,cell,EN,0,16000,google/gemma-4-12b,48
0.9583,64.38,IRC,6440,,cell,KO,0,16000,google/gemma-4-12b,48
0.9583,62.21,IRL,6277,,cell,JA,0,16000,google/gemma-4-12b,48
0.9167,68.95,IRL,6892,,cell,EN,0,16000,google/gemma-4-12b,48
0.9583,81.81,IRL,7933,,cell,KO,0,16000,google/gemma-4-12b,48
0.5417,82.15,IRID,7822,,cell,JA,0,16000,google/gemma-4-12b,48
0.625,88.61,IRID,8171,,cell,EN,0,16000,google/gemma-4-12b,48
0.5625,97.04,IRID,8450,,cell,KO,0,16000,google/gemma-4-12b,48
0.75,89.03,IRIDL,7822,,cell,JA,218,16000,google/gemma-4-12b,48
0.8542,84.02,IRIDL,8171,,cell,EN,224,16000,google/gemma-4-12b,48
0.7292,88.13,IRIDL,8450,,cell,KO,256,16000,google/gemma-4-12b,48
0.9167,140.23,IRC,12358,,cell,JA,0,32000,google/gemma-4-12b,48
0.8958,126.41,IRC,12500,,cell,EN,0,32000,google/gemma-4-12b,48
0.9167,130.71,IRC,12681,,cell,KO,0,32000,google/gemma-4-12b,48
0.9167,140.23,IRL,12358,,cell,JA,0,32000,google/gemma-4-12b,48
0.9167,143.25,IRL,13621,,cell,EN,0,32000,google/gemma-4-12b,48
0.8958,157.23,IRL,15586,,cell,KO,0,32000,google/gemma-4-12b,48
0.6875,156.58,IRID,15305,,cell,JA,0,32000,google/gemma-4-12b,48
0.7083,168.18,IRID,16061,,cell,EN,0,32000,google/gemma-4-12b,48
0.7083,169.57,IRID,16633,,cell,KO,0,32000,google/gemma-4-12b,48
0.8125,157.57,IRIDL,15305,,cell,JA,216,32000,google/gemma-4-12b,48
0.7708,167.71,IRIDL,16061,,cell,EN,225,32000,google/gemma-4-12b,48
0.7917,177.53,IRIDL,16633,,cell,KO,257,32000,google/gemma-4-12b,48
0.9167,6.54,IRC,954,,cell,JA,0,2000,qwen/qwen3-8b,48
0.9167,6.36,IRC,957,,cell,EN,0,2000,qwen/qwen3-8b,48
0.8125,6.56,IRC,971,,cell,KO,0,2000,qwen/qwen3-8b,48
0.9167,6.54,IRL,954,,cell,JA,0,2000,qwen/qwen3-8b,48
0.8542,5.96,IRL,924,,cell,EN,0,2000,qwen/qwen3-8b,48
0.8958,7.44,IRL,1156,,cell,KO,0,2000,qwen/qwen3-8b,48
0.5417,9.26,IRID,1158,,cell,JA,0,2000,qwen/qwen3-8b,48
0.5625,9.06,IRID,1091,,cell,EN,0,2000,qwen/qwen3-8b,48
0.4583,7.62,IRID,1184,,cell,KO,0,2000,qwen/qwen3-8b,48
0.6042,7.51,IRIDL,1158,,cell,JA,219,2000,qwen/qwen3-8b,48
0.7292,6.95,IRIDL,1091,,cell,EN,214,2000,qwen/qwen3-8b,48
0.5625,7.69,IRIDL,1184,,cell,KO,259,2000,qwen/qwen3-8b,48
