model,length,variant,acc,n,ctx_tokens,tok_per_fact,cold_ttft,prefill_tps,warm_s
google/gemma-4-12b,2000,JA-L0,1.0,48,1899,14.172,20.98,96.6,3.12
google/gemma-4-12b,2000,JA-L1,1.0,48,863,6.44,10.0,99.1,1.38
google/gemma-4-12b,2000,JA-MKW,1.0,48,879,6.56,10.67,94.3,1.57
google/gemma-4-12b,2000,EN-L0,1.0,48,1717,12.813,18.81,96.3,3.55
google/gemma-4-12b,2000,EN-L1,1.0,48,845,6.306,9.38,100.0,1.11
google/gemma-4-12b,2000,EN-MKW,0.9583,48,888,6.627,9.72,101.0,1.21
google/gemma-4-12b,2000,KO-L0,1.0,48,2296,17.134,23.54,103.0,1.94
google/gemma-4-12b,2000,KO-L1,1.0,48,1011,7.545,11.46,99.4,1.79
google/gemma-4-12b,2000,KO-MKW,0.9792,48,901,6.724,10.24,100.5,3.44
google/gemma-4-12b,2000,EN-MKW@JA,0.9583,48,888,6.627,10.66,95.4,2.44
google/gemma-4-12b,2000,KO-MKW@JA,0.9583,48,901,6.724,10.56,97.3,3.36
google/gemma-4-12b,8000,JA-L0,0.9583,48,6794,14.154,67.43,102.6,3.64
google/gemma-4-12b,8000,JA-L1,0.9792,48,3085,6.427,31.04,103.5,2.13
google/gemma-4-12b,8000,JA-MKW,1.0,48,3135,6.531,31.65,103.1,2.67
google/gemma-4-12b,8000,EN-L0,1.0,48,6168,12.85,60.59,103.5,2.06
google/gemma-4-12b,8000,EN-L1,1.0,48,3001,6.252,31.11,99.7,3.58
google/gemma-4-12b,8000,EN-MKW,0.9792,48,3170,6.604,32.99,99.1,2.97
google/gemma-4-12b,8000,KO-L0,1.0,48,8329,17.352,85.18,99.3,4.42
google/gemma-4-12b,8000,KO-L1,0.9583,48,3603,7.506,40.79,91.6,2.47
google/gemma-4-12b,8000,KO-MKW,0.9583,48,3219,6.706,34.72,96.6,4.07
google/gemma-4-12b,8000,EN-MKW@JA,0.9375,48,3170,6.604,33.6,98.1,3.23
google/gemma-4-12b,8000,KO-MKW@JA,0.9583,48,3219,6.706,33.71,99.3,3.59
google/gemma-4-12b,16000,JA-L0,0.9375,48,13607,14.189,141.79,96.9,2.89
google/gemma-4-12b,16000,JA-L1,0.9375,48,6167,6.431,63.0,100.0,2.3
google/gemma-4-12b,16000,JA-MKW,0.9583,48,6277,6.545,62.21,103.1,3.57
google/gemma-4-12b,16000,EN-L0,1.0,48,12344,12.872,124.37,100.1,2.58
google/gemma-4-12b,16000,EN-L1,1.0,48,6007,6.264,62.34,98.0,2.95
google/gemma-4-12b,16000,EN-MKW,0.8958,48,6351,6.623,62.41,103.4,4.02
google/gemma-4-12b,16000,KO-L0,0.9792,48,16573,17.282,168.52,99.2,4.54
google/gemma-4-12b,16000,KO-L1,0.9792,48,7200,7.508,72.75,100.9,2.55
google/gemma-4-12b,16000,KO-MKW,0.9583,48,6440,6.715,64.38,102.2,2.78
google/gemma-4-12b,16000,EN-MKW@JA,0.8958,48,6351,6.623,65.04,99.7,1.86
google/gemma-4-12b,16000,KO-MKW@JA,0.8958,48,6440,6.715,64.29,102.3,2.67
google/gemma-4-12b,32000,JA-L1,0.9583,48,12075,6.481,127.51,95.7,3.14
google/gemma-4-12b,32000,JA-MKW,0.9167,48,12358,6.633,140.23,89.0,3.57
google/gemma-4-12b,32000,EN-L1,0.9583,48,11796,6.332,123.84,96.1,2.07
google/gemma-4-12b,32000,EN-MKW,0.8958,48,12500,6.71,126.41,99.7,3.87
google/gemma-4-12b,32000,KO-L1,0.9375,48,14178,7.61,145.12,98.6,3.43
google/gemma-4-12b,32000,KO-MKW,0.9167,48,12681,6.807,130.71,98.0,3.95
google/gemma-4-12b,32000,EN-MKW@JA,0.8542,48,12500,6.71,124.93,101.1,1.77
google/gemma-4-12b,32000,KO-MKW@JA,0.8333,48,12681,6.807,128.56,99.6,4.05
qwen/qwen3-8b,2000,JA-L0,0.9792,48,2034,15.179,12.88,168.6,1.28
qwen/qwen3-8b,2000,JA-L1,0.9167,48,1008,7.522,6.76,169.9,1.17
qwen/qwen3-8b,2000,JA-MKW,0.9167,48,954,7.119,6.54,166.9,1.17
qwen/qwen3-8b,2000,EN-L0,0.9375,48,1630,12.164,10.35,166.6,1.16
qwen/qwen3-8b,2000,EN-L1,0.9583,48,843,6.291,5.61,166.6,1.04
qwen/qwen3-8b,2000,EN-MKW,0.9167,48,957,7.142,6.36,165.2,1.05
qwen/qwen3-8b,2000,KO-L0,0.9792,48,2526,18.851,15.99,166.5,1.36
qwen/qwen3-8b,2000,KO-L1,0.9792,48,1152,8.597,7.7,167.2,1.26
qwen/qwen3-8b,2000,KO-MKW,0.8125,48,971,7.246,6.56,168.6,1.25
qwen/qwen3-8b,2000,EN-MKW@JA,0.875,48,957,7.142,6.56,167.1,1.18
qwen/qwen3-8b,2000,KO-MKW@JA,0.7917,48,971,7.246,6.55,169.3,1.24
