acc,char_ratio,cold_ttft,config,ctx_tokens,e2e_cold_s,exp,form,mean_ms,model,mrr,ndcg10,recall1,recall5,retriever,scale,throughput,token_ratio
,0.822,,sudachi-m,,,E1,SCF,0.0505,,,,,,,,19746,0.853
,0.564,,sudachi-g,,,E1,SCF,0.0503,,,,,,,,19808,0.645
,0.824,,mecab-m,,,E1,SCF,0.0674,,,,,,,,14799,0.856
,0.811,,janome-m,,,E1,SCF,0.8144,,,,,,,,1228,0.845
,0.885,,sudachi-p,,,E1,SCF,0.051,,,,,,,,19503,0.932
,0.857,,sudachi-c,,,E1,SCF,0.051,,,,,,,,19538,0.879
,0.817,,ginza-m,,,E1,SCF,20.258,,,,,,,,49,0.847
,0.956,,ginza-d,,,E1,SCF,20.3757,,,,,,,,49,0.988
,0.428,,naive,,,E1,SCF,0.0018,,,,,,,,504318,0.476
,,,L0|raw,,,E3,NF,,,0.95,0.9631,0.9,1.0,bm25,10,,
,,,L0|raw,,,E3,NF,,,1.0,1.0,1.0,1.0,nomic-embed-text-v1.5,10,,
,,,L0|raw,,,E3,NF,,,1.0,1.0,1.0,1.0,qwen3-embedding-0.6b,10,,
,,,sudachi-m|raw,,,E3,SCF,,,1.0,1.0,1.0,1.0,bm25,10,,
,,,sudachi-m|raw,,,E3,SCF,,,1.0,1.0,1.0,1.0,nomic-embed-text-v1.5,10,,
,,,sudachi-m|raw,,,E3,SCF,,,0.95,0.9631,0.9,1.0,qwen3-embedding-0.6b,10,,
,,,sudachi-m|l1,,,E3,SCF,,,1.0,1.0,1.0,1.0,bm25,10,,
,,,sudachi-m|l1,,,E3,SCF,,,1.0,1.0,1.0,1.0,nomic-embed-text-v1.5,10,,
,,,sudachi-m|l1,,,E3,SCF,,,0.95,0.9631,0.9,1.0,qwen3-embedding-0.6b,10,,
,,,sudachi-g|raw,,,E3,SCF,,,0.95,0.9631,0.9,1.0,bm25,10,,
,,,sudachi-g|raw,,,E3,SCF,,,1.0,1.0,1.0,1.0,nomic-embed-text-v1.5,10,,
,,,sudachi-g|raw,,,E3,SCF,,,0.95,0.9631,0.9,1.0,qwen3-embedding-0.6b,10,,
,,,sudachi-g|l1,,,E3,SCF,,,1.0,1.0,1.0,1.0,bm25,10,,
,,,sudachi-g|l1,,,E3,SCF,,,1.0,1.0,1.0,1.0,nomic-embed-text-v1.5,10,,
,,,sudachi-g|l1,,,E3,SCF,,,0.95,0.9631,0.9,1.0,qwen3-embedding-0.6b,10,,
,,,mecab-m|raw,,,E3,SCF,,,1.0,1.0,1.0,1.0,bm25,10,,
,,,mecab-m|raw,,,E3,SCF,,,1.0,1.0,1.0,1.0,nomic-embed-text-v1.5,10,,
,,,mecab-m|raw,,,E3,SCF,,,0.95,0.9631,0.9,1.0,qwen3-embedding-0.6b,10,,
,,,mecab-m|l1,,,E3,SCF,,,1.0,1.0,1.0,1.0,bm25,10,,
,,,mecab-m|l1,,,E3,SCF,,,1.0,1.0,1.0,1.0,nomic-embed-text-v1.5,10,,
,,,mecab-m|l1,,,E3,SCF,,,0.95,0.9631,0.9,1.0,qwen3-embedding-0.6b,10,,
,,,sudachi-p|raw,,,E3,SCF,,,0.95,0.9631,0.9,1.0,bm25,10,,
,,,sudachi-p|raw,,,E3,SCF,,,1.0,1.0,1.0,1.0,nomic-embed-text-v1.5,10,,
,,,sudachi-p|raw,,,E3,SCF,,,0.95,0.9631,0.9,1.0,qwen3-embedding-0.6b,10,,
,,,sudachi-p|l1,,,E3,SCF,,,1.0,1.0,1.0,1.0,bm25,10,,
,,,sudachi-p|l1,,,E3,SCF,,,1.0,1.0,1.0,1.0,nomic-embed-text-v1.5,10,,
,,,sudachi-p|l1,,,E3,SCF,,,0.95,0.9631,0.9,1.0,qwen3-embedding-0.6b,10,,
,,,ginza-d|raw,,,E3,SCF,,,1.0,1.0,1.0,1.0,bm25,10,,
,,,ginza-d|raw,,,E3,SCF,,,1.0,1.0,1.0,1.0,nomic-embed-text-v1.5,10,,
,,,ginza-d|raw,,,E3,SCF,,,0.95,0.9631,0.9,1.0,qwen3-embedding-0.6b,10,,
,,,ginza-d|l1,,,E3,SCF,,,1.0,1.0,1.0,1.0,bm25,10,,
,,,ginza-d|l1,,,E3,SCF,,,1.0,1.0,1.0,1.0,nomic-embed-text-v1.5,10,,
,,,ginza-d|l1,,,E3,SCF,,,0.95,0.9631,0.9,1.0,qwen3-embedding-0.6b,10,,
,,,naive|raw,,,E3,SCF,,,0.9,0.9262,0.8,1.0,bm25,10,,
,,,naive|raw,,,E3,SCF,,,1.0,1.0,1.0,1.0,nomic-embed-text-v1.5,10,,
,,,naive|raw,,,E3,SCF,,,1.0,1.0,1.0,1.0,qwen3-embedding-0.6b,10,,
,,,naive|l1,,,E3,SCF,,,1.0,1.0,1.0,1.0,bm25,10,,
,,,naive|l1,,,E3,SCF,,,1.0,1.0,1.0,1.0,nomic-embed-text-v1.5,10,,
,,,naive|l1,,,E3,SCF,,,1.0,1.0,1.0,1.0,qwen3-embedding-0.6b,10,,
,,,L0|raw,,,E3,NF,,,0.975,0.9815,0.95,1.0,bm25,100,,
,,,L0|raw,,,E3,NF,,,0.9239,0.9431,0.87,0.99,nomic-embed-text-v1.5,100,,
,,,L0|raw,,,E3,NF,,,0.995,0.9963,0.99,1.0,qwen3-embedding-0.6b,100,,
,,,sudachi-m|raw,,,E3,SCF,,,1.0,1.0,1.0,1.0,bm25,100,,
,,,sudachi-m|raw,,,E3,SCF,,,0.9248,0.9435,0.88,1.0,nomic-embed-text-v1.5,100,,
,,,sudachi-m|raw,,,E3,SCF,,,0.99,0.9926,0.98,1.0,qwen3-embedding-0.6b,100,,
,,,sudachi-m|l1,,,E3,SCF,,,1.0,1.0,1.0,1.0,bm25,100,,
,,,sudachi-m|l1,,,E3,SCF,,,0.9271,0.9453,0.88,0.99,nomic-embed-text-v1.5,100,,
,,,sudachi-m|l1,,,E3,SCF,,,0.985,0.9889,0.97,1.0,qwen3-embedding-0.6b,100,,
,,,sudachi-g|raw,,,E3,SCF,,,0.975,0.9812,0.96,1.0,bm25,100,,
,,,sudachi-g|raw,,,E3,SCF,,,0.935,0.9515,0.89,1.0,nomic-embed-text-v1.5,100,,
,,,sudachi-g|raw,,,E3,SCF,,,0.975,0.9815,0.95,1.0,qwen3-embedding-0.6b,100,,
,,,sudachi-g|l1,,,E3,SCF,,,0.98,0.9852,0.96,1.0,bm25,100,,
,,,sudachi-g|l1,,,E3,SCF,,,0.9225,0.9424,0.86,1.0,nomic-embed-text-v1.5,100,,
,,,sudachi-g|l1,,,E3,SCF,,,0.9275,0.9463,0.86,1.0,qwen3-embedding-0.6b,100,,
,,,mecab-m|raw,,,E3,SCF,,,1.0,1.0,1.0,1.0,bm25,100,,
,,,mecab-m|raw,,,E3,SCF,,,0.9253,0.944,0.88,1.0,nomic-embed-text-v1.5,100,,
,,,mecab-m|raw,,,E3,SCF,,,0.99,0.9926,0.98,1.0,qwen3-embedding-0.6b,100,,
,,,mecab-m|l1,,,E3,SCF,,,1.0,1.0,1.0,1.0,bm25,100,,
,,,mecab-m|l1,,,E3,SCF,,,0.9271,0.9453,0.88,0.99,nomic-embed-text-v1.5,100,,
,,,mecab-m|l1,,,E3,SCF,,,0.985,0.9889,0.97,1.0,qwen3-embedding-0.6b,100,,
,,,sudachi-p|raw,,,E3,SCF,,,0.8173,0.8635,0.69,0.99,bm25,100,,
,,,sudachi-p|raw,,,E3,SCF,,,0.9223,0.9418,0.87,0.99,nomic-embed-text-v1.5,100,,
,,,sudachi-p|raw,,,E3,SCF,,,0.99,0.9926,0.98,1.0,qwen3-embedding-0.6b,100,,
,,,sudachi-p|l1,,,E3,SCF,,,0.9583,0.9692,0.92,1.0,bm25,100,,
,,,sudachi-p|l1,,,E3,SCF,,,0.9383,0.9542,0.89,1.0,nomic-embed-text-v1.5,100,,
,,,sudachi-p|l1,,,E3,SCF,,,0.99,0.9926,0.98,1.0,qwen3-embedding-0.6b,100,,
,,,ginza-d|raw,,,E3,SCF,,,1.0,1.0,1.0,1.0,bm25,100,,
,,,ginza-d|raw,,,E3,SCF,,,0.9187,0.939,0.87,1.0,nomic-embed-text-v1.5,100,,
,,,ginza-d|raw,,,E3,SCF,,,0.985,0.9889,0.97,1.0,qwen3-embedding-0.6b,100,,
,,,ginza-d|l1,,,E3,SCF,,,1.0,1.0,1.0,1.0,bm25,100,,
,,,ginza-d|l1,,,E3,SCF,,,0.9323,0.9492,0.89,0.99,nomic-embed-text-v1.5,100,,
,,,ginza-d|l1,,,E3,SCF,,,0.98,0.9852,0.96,1.0,qwen3-embedding-0.6b,100,,
,,,naive|raw,,,E3,SCF,,,0.5386,0.6432,0.36,0.87,bm25,100,,
,,,naive|raw,,,E3,SCF,,,0.9114,0.9303,0.86,0.97,nomic-embed-text-v1.5,100,,
,,,naive|raw,,,E3,SCF,,,0.995,0.9963,0.99,1.0,qwen3-embedding-0.6b,100,,
,,,naive|l1,,,E3,SCF,,,0.9875,0.9906,0.98,1.0,bm25,100,,
,,,naive|l1,,,E3,SCF,,,0.9295,0.9443,0.88,0.99,nomic-embed-text-v1.5,100,,
,,,naive|l1,,,E3,SCF,,,0.99,0.9926,0.98,1.0,qwen3-embedding-0.6b,100,,
,,,L0|raw,,,E3,NF,,,0.8494,0.8869,0.75,0.965,bm25,1000,,
,,,L0|raw,,,E3,NF,,,0.7476,0.7996,0.615,0.915,nomic-embed-text-v1.5,1000,,
,,,L0|raw,,,E3,NF,,,0.9758,0.9821,0.955,1.0,qwen3-embedding-0.6b,1000,,
,,,sudachi-m|raw,,,E3,SCF,,,0.97,0.9777,0.945,1.0,bm25,1000,,
,,,sudachi-m|raw,,,E3,SCF,,,0.768,0.8169,0.635,0.915,nomic-embed-text-v1.5,1000,,
,,,sudachi-m|raw,,,E3,SCF,,,0.8933,0.9152,0.835,0.97,qwen3-embedding-0.6b,1000,,
,,,sudachi-m|l1,,,E3,SCF,,,0.9683,0.9764,0.945,1.0,bm25,1000,,
,,,sudachi-m|l1,,,E3,SCF,,,0.7014,0.7626,0.55,0.905,nomic-embed-text-v1.5,1000,,
,,,sudachi-m|l1,,,E3,SCF,,,0.8946,0.9205,0.835,0.98,qwen3-embedding-0.6b,1000,,
,,,sudachi-g|raw,,,E3,SCF,,,0.9715,0.9787,0.95,0.995,bm25,1000,,
,,,sudachi-g|raw,,,E3,SCF,,,0.7661,0.8195,0.64,0.91,nomic-embed-text-v1.5,1000,,
,,,sudachi-g|raw,,,E3,SCF,,,0.9128,0.9343,0.86,0.98,qwen3-embedding-0.6b,1000,,
,,,sudachi-g|l1,,,E3,SCF,,,0.9185,0.9376,0.885,0.95,bm25,1000,,
,,,sudachi-g|l1,,,E3,SCF,,,0.7234,0.7832,0.585,0.91,nomic-embed-text-v1.5,1000,,
,,,sudachi-g|l1,,,E3,SCF,,,0.8047,0.8339,0.735,0.905,qwen3-embedding-0.6b,1000,,
,,,mecab-m|raw,,,E3,SCF,,,0.9683,0.9765,0.94,1.0,bm25,1000,,
,,,mecab-m|raw,,,E3,SCF,,,0.7705,0.8187,0.64,0.915,nomic-embed-text-v1.5,1000,,
,,,mecab-m|raw,,,E3,SCF,,,0.8941,0.9159,0.835,0.97,qwen3-embedding-0.6b,1000,,
,,,mecab-m|l1,,,E3,SCF,,,0.9683,0.9764,0.945,1.0,bm25,1000,,
,,,mecab-m|l1,,,E3,SCF,,,0.7042,0.7661,0.555,0.905,nomic-embed-text-v1.5,1000,,
,,,mecab-m|l1,,,E3,SCF,,,0.8945,0.919,0.835,0.98,qwen3-embedding-0.6b,1000,,
,,,sudachi-p|raw,,,E3,SCF,,,0.5177,0.5638,0.385,0.65,bm25,1000,,
,,,sudachi-p|raw,,,E3,SCF,,,0.7763,0.8254,0.64,0.94,nomic-embed-text-v1.5,1000,,
,,,sudachi-p|raw,,,E3,SCF,,,0.9278,0.946,0.875,0.995,qwen3-embedding-0.6b,1000,,
,,,sudachi-p|l1,,,E3,SCF,,,0.8651,0.8974,0.775,0.985,bm25,1000,,
,,,sudachi-p|l1,,,E3,SCF,,,0.7513,0.8062,0.615,0.94,nomic-embed-text-v1.5,1000,,
,,,sudachi-p|l1,,,E3,SCF,,,0.9558,0.9672,0.92,1.0,qwen3-embedding-0.6b,1000,,
,,,ginza-d|raw,,,E3,SCF,,,0.99,0.9926,0.98,1.0,bm25,1000,,
,,,ginza-d|raw,,,E3,SCF,,,0.7751,0.8219,0.66,0.92,nomic-embed-text-v1.5,1000,,
,,,ginza-d|raw,,,E3,SCF,,,0.9018,0.923,0.85,0.98,qwen3-embedding-0.6b,1000,,
,,,ginza-d|l1,,,E3,SCF,,,0.9975,0.9982,0.995,1.0,bm25,1000,,
,,,ginza-d|l1,,,E3,SCF,,,0.723,0.7792,0.595,0.885,nomic-embed-text-v1.5,1000,,
,,,ginza-d|l1,,,E3,SCF,,,0.9002,0.9249,0.84,0.99,qwen3-embedding-0.6b,1000,,
,,,naive|raw,,,E3,SCF,,,0.2459,0.2486,0.19,0.24,bm25,1000,,
,,,naive|raw,,,E3,SCF,,,0.7826,0.8189,0.69,0.915,nomic-embed-text-v1.5,1000,,
,,,naive|raw,,,E3,SCF,,,0.9205,0.9403,0.87,0.99,qwen3-embedding-0.6b,1000,,
,,,naive|l1,,,E3,SCF,,,0.995,0.9963,0.99,1.0,bm25,1000,,
,,,naive|l1,,,E3,SCF,,,0.7917,0.8283,0.705,0.9,nomic-embed-text-v1.5,1000,,
,,,naive|l1,,,E3,SCF,,,0.9133,0.935,0.855,0.99,qwen3-embedding-0.6b,1000,,
,,,L0|raw,,,E3,NF,,,0.7282,0.7772,0.615,0.89,bm25,5000,,
,,,L0|raw,,,E3,NF,,,0.4583,0.5175,0.32,0.635,nomic-embed-text-v1.5,5000,,
,,,L0|raw,,,E3,NF,,,0.909,0.9301,0.855,0.98,qwen3-embedding-0.6b,5000,,
,,,sudachi-m|raw,,,E3,SCF,,,0.9131,0.9343,0.87,0.975,bm25,5000,,
,,,sudachi-m|raw,,,E3,SCF,,,0.4903,0.5673,0.33,0.675,nomic-embed-text-v1.5,5000,,
,,,sudachi-m|raw,,,E3,SCF,,,0.7763,0.8079,0.71,0.855,qwen3-embedding-0.6b,5000,,
,,,sudachi-m|l1,,,E3,SCF,,,0.8919,0.9167,0.84,0.97,bm25,5000,,
,,,sudachi-m|l1,,,E3,SCF,,,0.4172,0.4822,0.265,0.565,nomic-embed-text-v1.5,5000,,
,,,sudachi-m|l1,,,E3,SCF,,,0.7855,0.8105,0.74,0.825,qwen3-embedding-0.6b,5000,,
,,,sudachi-g|raw,,,E3,SCF,,,0.8877,0.9127,0.825,0.975,bm25,5000,,
,,,sudachi-g|raw,,,E3,SCF,,,0.4863,0.561,0.315,0.71,nomic-embed-text-v1.5,5000,,
,,,sudachi-g|raw,,,E3,SCF,,,0.7736,0.8084,0.68,0.86,qwen3-embedding-0.6b,5000,,
,,,sudachi-g|l1,,,E3,SCF,,,0.8876,0.9029,0.85,0.93,bm25,5000,,
,,,sudachi-g|l1,,,E3,SCF,,,0.4482,0.5101,0.3,0.625,nomic-embed-text-v1.5,5000,,
,,,sudachi-g|l1,,,E3,SCF,,,0.6415,0.6738,0.555,0.73,qwen3-embedding-0.6b,5000,,
,,,mecab-m|raw,,,E3,SCF,,,0.8969,0.9223,0.84,0.98,bm25,5000,,
,,,mecab-m|raw,,,E3,SCF,,,0.4914,0.5681,0.33,0.675,nomic-embed-text-v1.5,5000,,
,,,mecab-m|raw,,,E3,SCF,,,0.7779,0.8103,0.715,0.85,qwen3-embedding-0.6b,5000,,
,,,mecab-m|l1,,,E3,SCF,,,0.8911,0.9162,0.84,0.97,bm25,5000,,
,,,mecab-m|l1,,,E3,SCF,,,0.4183,0.4829,0.265,0.565,nomic-embed-text-v1.5,5000,,
,,,mecab-m|l1,,,E3,SCF,,,0.7861,0.8124,0.74,0.825,qwen3-embedding-0.6b,5000,,
,,,sudachi-p|raw,,,E3,SCF,,,0.2731,0.3164,0.165,0.365,bm25,5000,,
,,,sudachi-p|raw,,,E3,SCF,,,0.4885,0.5543,0.33,0.7,nomic-embed-text-v1.5,5000,,
,,,sudachi-p|raw,,,E3,SCF,,,0.8042,0.8418,0.72,0.915,qwen3-embedding-0.6b,5000,,
,,,sudachi-p|l1,,,E3,SCF,,,0.6153,0.6975,0.485,0.84,bm25,5000,,
,,,sudachi-p|l1,,,E3,SCF,,,0.4664,0.5314,0.32,0.615,nomic-embed-text-v1.5,5000,,
,,,sudachi-p|l1,,,E3,SCF,,,0.8239,0.8586,0.76,0.9,qwen3-embedding-0.6b,5000,,
,,,ginza-d|raw,,,E3,SCF,,,0.9438,0.9581,0.9,1.0,bm25,5000,,
,,,ginza-d|raw,,,E3,SCF,,,0.4987,0.564,0.35,0.67,nomic-embed-text-v1.5,5000,,
,,,ginza-d|raw,,,E3,SCF,,,0.7724,0.804,0.705,0.855,qwen3-embedding-0.6b,5000,,
,,,ginza-d|l1,,,E3,SCF,,,0.9733,0.9801,0.955,1.0,bm25,5000,,
,,,ginza-d|l1,,,E3,SCF,,,0.4232,0.493,0.27,0.625,nomic-embed-text-v1.5,5000,,
,,,ginza-d|l1,,,E3,SCF,,,0.7999,0.8316,0.745,0.87,qwen3-embedding-0.6b,5000,,
,,,naive|raw,,,E3,SCF,,,0.1791,0.17,0.17,0.17,bm25,5000,,
,,,naive|raw,,,E3,SCF,,,0.532,0.5806,0.415,0.7,nomic-embed-text-v1.5,5000,,
,,,naive|raw,,,E3,SCF,,,0.7953,0.8281,0.725,0.86,qwen3-embedding-0.6b,5000,,
,,,naive|l1,,,E3,SCF,,,0.97,0.9777,0.945,1.0,bm25,5000,,
,,,naive|l1,,,E3,SCF,,,0.5506,0.5855,0.44,0.665,nomic-embed-text-v1.5,5000,,
,,,naive|l1,,,E3,SCF,,,0.7907,0.8252,0.73,0.855,qwen3-embedding-0.6b,5000,,
,,,L0|raw,,,E3,NF,,,0.5732,0.641,0.465,0.72,bm25,10000,,
,,,L0|raw,,,E3,NF,,,0.3645,0.4155,0.235,0.515,nomic-embed-text-v1.5,10000,,
,,,L0|raw,,,E3,NF,,,0.8575,0.8877,0.79,0.935,qwen3-embedding-0.6b,10000,,
,,,sudachi-m|raw,,,E3,SCF,,,0.8521,0.8842,0.795,0.935,bm25,10000,,
,,,sudachi-m|raw,,,E3,SCF,,,0.4117,0.4729,0.26,0.605,nomic-embed-text-v1.5,10000,,
,,,sudachi-m|raw,,,E3,SCF,,,0.7376,0.7648,0.67,0.82,qwen3-embedding-0.6b,10000,,
,,,sudachi-m|l1,,,E3,SCF,,,0.8151,0.8527,0.755,0.9,bm25,10000,,
,,,sudachi-m|l1,,,E3,SCF,,,0.337,0.3895,0.205,0.5,nomic-embed-text-v1.5,10000,,
,,,sudachi-m|l1,,,E3,SCF,,,0.7438,0.7713,0.69,0.805,qwen3-embedding-0.6b,10000,,
,,,sudachi-g|raw,,,E3,SCF,,,0.8304,0.8625,0.76,0.935,bm25,10000,,
,,,sudachi-g|raw,,,E3,SCF,,,0.4083,0.4649,0.26,0.58,nomic-embed-text-v1.5,10000,,
,,,sudachi-g|raw,,,E3,SCF,,,0.7399,0.7734,0.65,0.855,qwen3-embedding-0.6b,10000,,
,,,sudachi-g|l1,,,E3,SCF,,,0.8459,0.8687,0.795,0.905,bm25,10000,,
,,,sudachi-g|l1,,,E3,SCF,,,0.3615,0.4175,0.245,0.495,nomic-embed-text-v1.5,10000,,
,,,sudachi-g|l1,,,E3,SCF,,,0.5579,0.5935,0.465,0.67,qwen3-embedding-0.6b,10000,,
,,,mecab-m|raw,,,E3,SCF,,,0.8071,0.8481,0.73,0.925,bm25,10000,,
,,,mecab-m|raw,,,E3,SCF,,,0.4139,0.4758,0.265,0.61,nomic-embed-text-v1.5,10000,,
,,,mecab-m|raw,,,E3,SCF,,,0.7412,0.7674,0.675,0.82,qwen3-embedding-0.6b,10000,,
,,,mecab-m|l1,,,E3,SCF,,,0.8048,0.8449,0.74,0.905,bm25,10000,,
,,,mecab-m|l1,,,E3,SCF,,,0.3373,0.3897,0.205,0.505,nomic-embed-text-v1.5,10000,,
,,,mecab-m|l1,,,E3,SCF,,,0.7453,0.7721,0.695,0.805,qwen3-embedding-0.6b,10000,,
,,,sudachi-p|raw,,,E3,SCF,,,0.1739,0.1933,0.095,0.245,bm25,10000,,
,,,sudachi-p|raw,,,E3,SCF,,,0.3917,0.451,0.25,0.56,nomic-embed-text-v1.5,10000,,
,,,sudachi-p|raw,,,E3,SCF,,,0.7211,0.7671,0.605,0.855,qwen3-embedding-0.6b,10000,,
,,,sudachi-p|l1,,,E3,SCF,,,0.4938,0.546,0.405,0.57,bm25,10000,,
,,,sudachi-p|l1,,,E3,SCF,,,0.3811,0.4337,0.24,0.57,nomic-embed-text-v1.5,10000,,
,,,sudachi-p|l1,,,E3,SCF,,,0.7797,0.8053,0.715,0.84,qwen3-embedding-0.6b,10000,,
,,,ginza-d|raw,,,E3,SCF,,,0.9396,0.9536,0.895,0.995,bm25,10000,,
,,,ginza-d|raw,,,E3,SCF,,,0.4434,0.5063,0.295,0.65,nomic-embed-text-v1.5,10000,,
,,,ginza-d|raw,,,E3,SCF,,,0.7303,0.7658,0.645,0.82,qwen3-embedding-0.6b,10000,,
,,,ginza-d|l1,,,E3,SCF,,,0.9707,0.978,0.95,0.995,bm25,10000,,
,,,ginza-d|l1,,,E3,SCF,,,0.3529,0.4134,0.205,0.54,nomic-embed-text-v1.5,10000,,
,,,ginza-d|l1,,,E3,SCF,,,0.7605,0.7879,0.7,0.825,qwen3-embedding-0.6b,10000,,
,,,naive|raw,,,E3,SCF,,,0.1655,0.1622,0.16,0.165,bm25,10000,,
,,,naive|raw,,,E3,SCF,,,0.4716,0.5195,0.36,0.6,nomic-embed-text-v1.5,10000,,
,,,naive|raw,,,E3,SCF,,,0.7299,0.7648,0.65,0.85,qwen3-embedding-0.6b,10000,,
,,,naive|l1,,,E3,SCF,,,0.9525,0.9648,0.91,1.0,bm25,10000,,
,,,naive|l1,,,E3,SCF,,,0.4714,0.5167,0.365,0.625,nomic-embed-text-v1.5,10000,,
,,,naive|l1,,,E3,SCF,,,0.7342,0.7631,0.675,0.8,qwen3-embedding-0.6b,10000,,
1.0,,3.34,L0,207,3.344,E2,NF,,google/gemma-4-12b,,,,,,10,,
1.0,,3.72,ginza-d,227,3.924,E2,SCF,,google/gemma-4-12b,,,,,,10,,
0.9,,2.47,naive,112,2.467,E2,SCF,,google/gemma-4-12b,,,,,,10,,
0.9,,2.71,sudachi-g,140,2.715,E2,SCF,,google/gemma-4-12b,,,,,,10,,
1.0,,3.09,sudachi-m,182,3.094,E2,SCF,,google/gemma-4-12b,,,,,,10,,
1.0,,3.34,sudachi-p,197,3.342,E2,SCF,,google/gemma-4-12b,,,,,,10,,
0.9,,21.6,L0,1961,21.602,E2,NF,,google/gemma-4-12b,,,,,,100,,
1.0,,21.91,ginza-d,2083,23.912,E2,SCF,,google/gemma-4-12b,,,,,,100,,
0.675,,12.47,naive,1074,12.468,E2,SCF,,google/gemma-4-12b,,,,,,100,,
0.775,,15.95,sudachi-g,1382,15.953,E2,SCF,,google/gemma-4-12b,,,,,,100,,
0.95,,19.28,sudachi-m,1745,19.313,E2,SCF,,google/gemma-4-12b,,,,,,100,,
0.95,,19.93,sudachi-p,1918,19.933,E2,SCF,,google/gemma-4-12b,,,,,,100,,
0.8,,59.67,L0,5655,59.672,E2,NF,,google/gemma-4-12b,,,,,,300,,
0.875,,62.3,ginza-d,5902,68.302,E2,SCF,,google/gemma-4-12b,,,,,,300,,
0.5,,33.16,naive,3127,33.16,E2,SCF,,google/gemma-4-12b,,,,,,300,,
0.725,,41.19,sudachi-g,3974,41.211,E2,SCF,,google/gemma-4-12b,,,,,,300,,
0.875,,51.49,sudachi-m,4983,51.584,E2,SCF,,google/gemma-4-12b,,,,,,300,,
0.85,,57.31,sudachi-p,5481,57.33,E2,SCF,,google/gemma-4-12b,,,,,,300,,
0.625,,115.98,L0,11273,115.98,E2,NF,,google/gemma-4-12b,,,,,,600,,
0.75,,118.2,ginza-d,11845,130.197,E2,SCF,,google/gemma-4-12b,,,,,,600,,
0.2,,62.27,naive,6263,62.27,E2,SCF,,google/gemma-4-12b,,,,,,600,,
0.575,,92.09,sudachi-g,7991,92.126,E2,SCF,,google/gemma-4-12b,,,,,,600,,
0.825,,103.53,sudachi-m,9990,103.715,E2,SCF,,google/gemma-4-12b,,,,,,600,,
0.675,,119.43,sudachi-p,11014,119.471,E2,SCF,,google/gemma-4-12b,,,,,,600,,
0.7,,2.35,L0,218,2.47,E2,NF,,qwen/qwen3-8b,,,,,,10,,
0.5,,2.88,ginza-d,326,3.201,E2,SCF,,qwen/qwen3-8b,,,,,,10,,
0.3,,2.01,naive,163,2.125,E2,SCF,,qwen/qwen3-8b,,,,,,10,,
0.6,,2.0,sudachi-g,157,2.121,E2,SCF,,qwen/qwen3-8b,,,,,,10,,
0.7,,2.54,sudachi-m,267,2.663,E2,SCF,,qwen/qwen3-8b,,,,,,10,,
0.7,,2.71,sudachi-p,282,2.823,E2,SCF,,qwen/qwen3-8b,,,,,,10,,
0.525,,12.79,L0,2068,12.918,E2,NF,,qwen/qwen3-8b,,,,,,100,,
0.55,,18.89,ginza-d,3082,21.026,E2,SCF,,qwen/qwen3-8b,,,,,,100,,
0.175,,10.18,naive,1601,10.308,E2,SCF,,qwen/qwen3-8b,,,,,,100,,
0.375,,9.81,sudachi-g,1554,9.937,E2,SCF,,qwen/qwen3-8b,,,,,,100,,
0.525,,16.23,sudachi-m,2618,16.363,E2,SCF,,qwen/qwen3-8b,,,,,,100,,
0.625,,17.14,sudachi-p,2801,17.283,E2,SCF,,qwen/qwen3-8b,,,,,,100,,
